장인닭갈비 강남점	한식>닭갈비	서울특별시 강남구 테헤란로1길 19	1270274938	374996548
고수닭갈비	한식>닭갈비	서울특별시 강남구 강남대로96길 12	1270281716	374997744
고베규카츠 서울 강남점	음식점>일식>돈가스	서울특별시 강남구 강남대로102길 29	1270275872	375028871
트라가 강남역점	음식점>스페인음식	서울특별시 서초구 강남대로55길 24	1270256890	374956249
쉐이크쉑 강남대로점	양식>햄버거	서울특별시 서초구 강남대로 421	1270262223	375001017
은행골 강남역점	음식점>일식>초밥,롤	서울특별시 서초구 서초대로75길 34	1270251701	375005766
1992 덮밥&짜글이 강남본점	음식점>한식	서울특별시 강남구 강남대로84길 6	1270291560	374964603
퀸즈가든 강남역점	음식점>일식>샤브샤브	서울특별시 서초구 강남대로53길 7	1270282716	374942610
데일리픽스 강남본점	음식점>햄버거	서울특별시 강남구 논현로85길 70	1270325700	374976844
트라가 역삼점	음식점>스페인음식	서울특별시 강남구 테헤란로25길 46	1270348172	375034960
보슬보슬 역삼본점	분식>종합분식	서울특별시 강남구 논현로85길 59	1270332676	374977095
을지다락 강남역	음식점>양식	서울특별시 강남구 강남대로96길 22	1270287954	374999202
마초쉐프 강남본점	양식>이탈리아음식	서울특별시 강남구 강남대로106길 29	1270278735	375034081
호보식당 강남역삼본점	음식점>한식	서울특별시 강남구 논현로85길 43	1270346322	374980897
부대찌개대사관 선릉직영점	한식>찌개,전골	서울특별시 강남구 선릉로86길 24	1270516770	375034990
무탄 코엑스점	중식>중식당	서울특별시 강남구 영동대로 513	1270584607	375113180
트라가 삼성점	음식점>스페인음식	서울특별시 강남구 삼성로 511	1270555980	375076711
코지라멘 선릉본점	음식점>일식>일본식라면	서울특별시 강남구 선릉로86길 6-4	1270503596	375028833
호호식당 스타필드코엑스	음식점>일식>일식당	서울특별시 강남구 영동대로 513	1270589984	375111216
진대감 선릉점	육류,고기요리>소고기구이	서울특별시 강남구 테헤란로70길 25	1270539791	375039962
멘츠루 선릉점	음식점>일식>일본식라면	서울특별시 강남구 선릉로86길 17	1270511029	375035113
청기와타운 선릉점	한식>육류,고기요리	서울특별시 강남구 테헤란로64길 24	1270515324	375033435
수림복국 선릉 삼성 본점	해물,생선요리>복어요리	서울특별시 강남구 테헤란로77길 11-13	1270534390	375068010
선릉 닭곰탕	음식점>한식	서울특별시 강남구 역삼로63길 23	1270517093	375027633
퀸즈가든 대치점	음식점>일식>샤브샤브	서울특별시 강남구 선릉로64길 9	1270530616	374980068
솥내음 스타필드 코엑스몰점	음식점>한식	서울특별시 강남구 영동대로 513	1270588841	375137665
맥도날드 코엑스점	양식>햄버거	서울특별시 강남구 영동대로 511	1270620981	375093761
중앙해장	음식점>한식>해장국	서울특별시 강남구 영동대로86길 17	1270655417	375082495
후레쉬빌 삼성역본점	음식점>일식>돈가스	서울특별시 강남구 테헤란로108길 19	1270663314	375082715
제주오전복 스타필드 코엑스점	음식점>한식	서울특별시 강남구 영동대로 513	1270598289	375119311
가득드림 코엑스몰점	음식점>도시락,컵밥	서울특별시 강남구 봉은사로 524	1270598020	375127602
삼성분식	분식>종합분식	서울특별시 강남구 테헤란로87길 41	1270576033	375104773
현대옥 코엑스점	한식>국밥	서울특별시 강남구 봉은사로 623	1270635420	375150409
바른식탁 삼성점	음식점>한식	서울특별시 강남구 테헤란로83길 15	1270573182	375084522
트라가 가로수길점	음식점>스페인음식	서울특별시 강남구 압구정로2길 18	1270197374	375205319
류몽민 학동역점	한식>닭갈비	서울특별시 강남구 학동로25길 11	1270289188	375143907
신사만장어	한식>장어,먹장어요리	서울특별시 강남구 도산대로1길 10	1270201484	375174010
육구공	음식점>퓨전음식	서울특별시 강남구 도산대로15길 16	1270241017	375192548
어썸로즈	음식점>이탈리아음식	서울특별시 강남구 압구정로10길 40	1270220822	375209211
삼삼뼈국 압구정점	음식점>한식	서울특별시 강남구 논현로167길 11	1270271646	375245205
스스키노 신사점	음식점>일식>일식당	서울특별시 강남구 논현로149길 64	1270233979	375168890
카토 일식카츠 신사	음식점>일식>돈가스	서울특별시 강남구 도산대로8길 5	1270221712	375166059
무한쌈밥집	한식>쌈밥	서울특별시 서초구 강남대로93길 23-10	1270188614	375123802
경송 천호본점	한식>육류,고기요리	서울특별시 강동구 천호대로159길 22	1271279664	375385627
스시야미 천호본점	음식점>일식>일식당	서울특별시 강동구 진황도로 4-9	1271280397	375396644
쭈꾸미도사 천호본점	한식>주꾸미요리	서울특별시 강동구 천호대로158길 9	1271264910	375370907
미오정	음식점>일식>일식당	서울특별시 강동구 올림픽로70길 51-2	1271267405	375392743
초밥의 신 부타 천호본점	음식점>일식>초밥,롤	서울특별시 강동구 천호대로155길 11	1271260262	375385909
향돈	한식>육류,고기요리	서울특별시 강동구 천호옛14길 23-7	1271267833	375365078
경회루인생순대	한식>순대,순댓국	서울특별시 강동구 구천면로 229-1	1271299251	375413572
풍국면 천호점	음식점>한식>국수	서울특별시 강동구 천호대로 1017	1271254346	375385237
규카츠정 천호점	음식점>일식>일식당	서울특별시 강동구 올림픽로70길 57	1271267576	375391927
백소정 고덕역점	음식점>일식>돈가스	서울특별시 강동구 동남로75길 13-10	1271550643	375538677
샤브온당 고덕역점	음식점>일식>샤브샤브	서울특별시 강동구 고덕로 266	1271552795	375547330
우대포 고덕역점	한식>육류,고기요리	서울특별시 강동구 동남로73길 26	1271547791	375532047
갓잇 고덕역점	음식점>멕시코,남미음식	서울특별시 강동구 동남로75길 13	1271556468	375542530
쌈촌 명일점	음식점>일식>샤브샤브	서울특별시 강동구 동남로75길 13	1271555841	375542238
양평해장국 고덕역점	한식>해장국	서울특별시 강동구 동남로73길 31	1271543664	375528478
원라멘	음식점>일식>일본식라면	서울특별시 강동구 구천면로 427	1271460942	375506056
고덕밥집	음식점>한식	서울특별시 강동구 고덕로 266	1271552654	375545436
수유골목냉면 명일점	한식>냉면	서울특별시 강동구 구천면로 431	1271467103	375502443
현대옥 고덕역점	한식>국밥	서울특별시 강동구 동남로73길 26	1271549622	375534129
수유라멘	음식점>일식>일본식라면	서울특별시 강북구 한천로131길 17	1270274081	376384750
미도인 수유	음식점>양식	서울특별시 강북구 도봉로 315	1270232817	376369265
낙지일번지 수유본점	한식>낙지요리	서울특별시 강북구 도봉로89길 10	1270260760	376392031
다래함박스텍	음식점>일식>돈가스	서울특별시 강북구 수유로 20-2	1270190130	376327810
소담촌 수유점	음식점>일식>샤브샤브	서울특별시 강북구 도봉로 388	1270296291	376413421
도리연 닭도리탕 수유점	음식점>한식>육류,고기요리>닭볶음탕	서울특별시 강북구 도봉로87길 40	1270236946	376391994
고기반햄반김치찌개&김치찜 수유본점	음식점>한식	서울특별시 강북구 덕릉로 93-9	1270242223	376352856
보승회관 수유점	음식점>한식>국밥	서울특별시 강북구 노해로8길 22	1270241185	376381733
송쭈집 마곡	한식>주꾸미요리	서울특별시 강서구 마곡서로 158	1268254241	375680891
소복집	음식점>한식	서울특별시 강서구 마곡서로 158	1268254241	375680891
에머이 마곡나루점	음식점>베트남음식	서울특별시 강서구 마곡서로 152	1268261182	375677262
봉이밥 마곡본점	음식점>한식	서울특별시 강서구 마곡중앙로 171	1268279444	375689605
스시도쿠 마곡코엑스점	음식점>일식>일식당	서울특별시 강서구 마곡중앙로 143	1268255340	375664206
달인대보칼국수 본점	한식>칼국수,만두	서울특별시 강서구 마곡중앙5로 6	1268263320	375672683
공탕 원그로브점	음식점>한식	서울특별시 강서구 공항대로 165	1268260909	375616867
란콰이펑누들 마곡나루점	중식>중식당	서울특별시 강서구 마곡중앙로 165	1268279085	375687218
춘담 마곡본점	음식점>한식	서울특별시 강서구 마곡중앙로 143	1268256724	375659180
동경산책 서울대입구점	음식점>일식>일식당	서울특별시 관악구 관악로14길 30	1269542000	374789029
쭈앤쭈 서울대본점	한식>주꾸미요리	서울특별시 관악구 관악로14길 11	1269532191	374792455
백소정 서울대입구역점	음식점>일식>돈가스	서울특별시 관악구 관악로 164	1269526926	374794897
킷사서울	음식점>일식>일식당	서울특별시 관악구 남부순환로226길 31	1269537873	374792338
정남옥 서울대입구점	한식>순대,순댓국	서울특별시 관악구 관악로 148	1269525926	374785394
채우동 본점	음식점>일식>우동,소바	서울특별시 관악구 남부순환로226길 23-7	1269539197	374798716
청국장과보리밥 봉천점	한식>보리밥	서울특별시 관악구 관악로24길 80	1269579833	374861058
고시고시 서울대입구역본점	음식점>일식>일식당	서울특별시 관악구 남부순환로 1820	1269520229	374811436
가마메시 서울대입구역점	음식점>한식	서울특별시 관악구 남부순환로226길 13	1269539397	374799444
등촌샤브칼국수 신림점	음식점>한식>칼국수,만두	서울특별시 관악구 신림로 309	1269296546	374820185
신림춘천집 본점	음식점>한식	서울특별시 관악구 남부순환로 1600-8	1269287636	374836279
막불감동	한식>냉면	서울특별시 관악구 남부순환로 1599	1269282701	374842899
송씨제육	한식>백반,가정식	서울특별시 관악구 봉천로 230	1269271290	374893483
해방촌 부대찌개 타임스트림점	한식>찌개,전골	서울특별시 관악구 신림로 330	1269301735	374838356
함지박치즈등갈비 신림본점	한식>육류,고기요리	서울특별시 관악구 신림로65길 38	1269273739	374849215
운산국밥 신림점	한식>국밥	서울특별시 관악구 신림로59길 8	1269293508	374830855
매운향솥	중식>중식당	서울특별시 광진구 동일로18길 61	1270662637	375391111
고베규카츠 건대점	음식점>일식>돈가스	서울특별시 광진구 능동로13길 19	1270708469	375428929
고로고로 성수	음식점>일식>일식당	서울특별시 성동구 아차산로13길 16	1270613559	375447859
핵밥 건대본점	음식점>일식>덮밥	서울특별시 광진구 능동로 127	1270714384	375422709
죠죠 성수점	음식점>일식>일식당	서울특별시 성동구 연무장17길 7	1270609786	375414821
코노하 건대점	음식점>일식>일본식라면	서울특별시 광진구 능동로13길 19	1270708469	375428929
엠브로돈까스 건대점	음식점>일식>돈가스	서울특별시 광진구 능동로 139	1270719640	375432930
77년생 곱도리 전골식당 건대직영점	음식점>한식	서울특별시 광진구 동일로24길 70	1270687772	375428699
부대찌개대사관 구로디지털본점	한식>찌개,전골	서울특별시 구로구 디지털로33길 12	1268959214	374864437
상무초밥 구로디지털점	음식점>일식>초밥,롤	서울특별시 관악구 시흥대로 568	1269023176	374834075
신림춘천집 구로디지털 직영점	음식점>한식	서울특별시 구로구 디지털로32나길 17-23	1268998615	374840596
5.13낙곱새 구로디지털직영점	한식>곱창,막창,양	서울특별시 구로구 디지털로 288	1268956955	374841335
프레퍼스 다이어트 푸드 구로디지털단지점	도시락,컵밥>다이어트,샐러드	서울특별시 구로구 디지털로 300	1268966693	374852584
마장동김씨 구로디지털점	음식점>한식>육류,고기요리	서울특별시 구로구 디지털로32나길 17-23	1268998615	374840596
국밥장인 구로디지털점	한식>국밥	서울특별시 구로구 시흥대로 565	1269015620	374834993
능두네 구로디지털단지역 직영점	음식점>태국음식	서울특별시 구로구 디지털로 300	1268966116	374850307
99육회본가 본점	음식점>한식	서울특별시 구로구 디지털로32길 91	1269003333	374831756
봉고기	한식>육류,고기요리	서울특별시 구로구 경인로 619-3	1268838985	375068693
문래 골목집	한식>오리요리	서울특별시 영등포구 도림로125길 34	1268931051	375133865
고동경양 문래본점	음식점>양식	서울특별시 영등포구 경인로72길 4	1268920238	375107129
브라더매운갈비찜 본점	한식>육류,고기요리	서울특별시 영등포구 선유로 33	1268879018	375171757
모에루 문래본점	음식점>일식>일식당	서울특별시 영등포구 당산로 34	1268957088	375173955
느루집 문래본점	한식>닭갈비	서울특별시 영등포구 당산로 34	1268961098	375175847
성문식당	음식점>한식	서울특별시 영등포구 도영로 45	1268977290	375098529
카츠 올로지 가산본점	음식점>일식>돈가스	서울특별시 금천구 가산디지털2로 127-33	1268779895	374785824
가산물갈비&즉석소불고기	한식>육류,고기요리	서울특별시 금천구 가산디지털1로 128	1268839179	374770105
서천집	음식점>한식	서울특별시 금천구 가산디지털1로 168	1268822116	374807657
월래순교자관	중식>중식당	서울특별시 구로구 디지털로19길 13	1268898292	374802835
맥도날드 가산비지니스센터점	양식>햄버거	서울특별시 금천구 가산디지털1로 165	1268812680	374802069
온센 금천구 가산점	음식점>일식>일식당	서울특별시 금천구 가산디지털1로 205-27	1268784766	374830100
보배반점 가산점	음식점>중식당	서울특별시 금천구 가산디지털2로 123	1268790099	374790182
북촌삼대갈비 가산본점	한식>육류,고기요리	서울특별시 금천구 가산로 149	1268904437	374785690
순남시래기 가산역점	한식>백반,가정식	서울특별시 금천구 가산디지털1로 186	1268816920	374820240
미트앤쓰리 가산디지털단지점	한식>육류,고기요리	서울특별시 금천구 가산디지털1로 168	1268823677	374809727
감동식당 노원본점	한식>육류,고기요리	서울특별시 노원구 한글비석로47길 58	1270666127	376615727
백소정 노원중앙점	음식점>일식>돈가스	서울특별시 노원구 노해로83길 10-2	1270644506	376556397
미도인 노원	음식점>양식	서울특별시 노원구 상계로 69	1270628269	376564037
스시이안앤 노원역점	음식점>일식>초밥,롤	서울특별시 노원구 노해로81길 12-4	1270629671	376554121
투파인드피터 노원점	음식점>양식>이탈리아음식	서울특별시 노원구 상계로1길 34	1270617088	376575116
동적깡통구이 노원직영점	음식점>한식>육류,고기요리	서울특별시 노원구 상계로 92	1270651925	376565987
봄이보리밥 노원점	음식점>한식>보리밥	서울특별시 노원구 동일로218길 41	1270632061	376541856
멘야리 노원본점	음식점>일식>일본식라면	서울특별시 노원구 상계로1길 14-11	1270619303	376569361
털보고된이 본점	한식>해물,생선요리	서울특별시 노원구 노해로81길 22-22	1270637855	376559272
섭생정식 창동본점	음식점>한식	서울특별시 도봉구 노해로 341	1270456363	376513433
마쯔무라돈까스 본점	음식점>일식>돈가스	서울특별시 도봉구 노해로63길 84	1270466590	376527809
대관령감자옹심이	음식점>한식	서울특별시 도봉구 해등로16길 55	1270430027	376552512
쌈촌 창동점	음식점>일식>샤브샤브	서울특별시 도봉구 노해로65길 11	1270462750	376517578
수유리우동집 창동점	음식점>일식>우동,소바	서울특별시 도봉구 노해로65길 14	1270465222	376519888
잇팅엄마밥상 이마트창동점	한식>백반,가정식	서울특별시 도봉구 노해로65길 4	1270470505	376517147
명진닭갈비 한식뷔페	음식점>한식	서울특별시 도봉구 노해로69길 15-9	1270503199	376528532
채선당행복가마솥밥 하나로마트창동점	한식>백반,가정식	서울특별시 도봉구 마들로11길 20	1270508516	376551094
할머니냉면	한식>냉면	서울특별시 동대문구 왕산로37길 53	1270436903	375823366
매란방 청량리역점	음식점>중식당	서울특별시 동대문구 왕산로 214	1270490958	375806585
반포식스 청량리역점	음식점>베트남음식	서울특별시 동대문구 왕산로 214	1270486821	375800691
상화정	음식점>한식	서울특별시 동대문구 답십리로 27	1270444234	375780149
로운 샤브샤브 청량리점	음식점>일식>샤브샤브	서울특별시 동대문구 왕산로 214	1270473272	375805317
정편백 청량리본점	한식>육류,고기요리	서울특별시 동대문구 서울시립대로12길 3	1270502384	375788154
윤가네청국장	음식점>한식	서울특별시 동대문구 경동시장로2길 46	1270438591	375803310
청량리닭한마리	한식>닭요리	서울특별시 동대문구 왕산로 232	1270480000	375820638
고창집	한식>백반,가정식	서울특별시 동대문구 왕산로43길 6	1270486938	375834120
밥타운	한식>백반,가정식	서울특별시 동대문구 왕산로 225	1270472596	375821126
미분당 노량진점	음식점>베트남음식	서울특별시 동작구 만양로 105	1269438923	375129009
정남옥 노량진점	한식>순대,순댓국	서울특별시 동작구 노량진로 148-5	1269424045	375132839
짠돈 노량진본점	한식>육류,고기요리	서울특별시 동작구 만양로18길 18	1269453002	375130499
경아식당 노량진점	음식점>한식	서울특별시 동작구 만양로18길 10	1269447065	375131372
헤이 이태리	음식점>이탈리아음식	서울특별시 동작구 만양로14가길 18	1269451704	375124021
록갈비 노량진점	한식>육류,고기요리	서울특별시 동작구 만양로14가길 13	1269450652	375121238
마마부찌	한식>찌개,전골	서울특별시 동작구 만양로14길 40	1269463113	375121890
소라네밥집	음식점>한식	서울특별시 동작구 노량진로16길 28	1269438837	375124033
장충왕족발보쌈	한식>족발,보쌈	서울특별시 동작구 노량진로16길 31	1269441763	375122015
리에또	이탈리아음식>스파게티,파스타전문	서울특별시 서초구 방배천로4안길 20	1269834110	374790222
수향가족발보쌈&얼큰감자탕&꼬막비빔밥	한식>족발,보쌈	서울특별시 서초구 남부순환로 2121-3	1269846553	374767729
미스피츠 사당	음식점>햄버거	서울특별시 동작구 동작대로3길 30	1269798800	374785417
김재운 초밥사랑 이수점	음식점>일식>초밥,롤	서울특별시 동작구 동작대로 69	1269816310	374827041
바른식 시골보쌈&감자옹심이 사당별관	육류,고기요리>족발,보쌈	서울특별시 서초구 방배천로 12	1269829183	374776645
가우리집	한식>해물,생선요리	서울특별시 서초구 청두곶길 5	1269852457	374771405
분코다이닝 사당점	음식점>일식>일식당	서울특별시 서초구 방배천로4안길 26	1269834347	374792926
이가네양꼬치 사당점	음식점>중식>양꼬치	서울특별시 서초구 방배천로4안길 6	1269833065	374783199
돝족 사당본점	한식>족발,보쌈	서울특별시 동작구 동작대로1길 48	1269787881	374773714
그냥찌개집 사당역점	한식>찌개,전골	서울특별시 서초구 방배천로 12	1269828956	374777933
냅다청양집 상암직영점	음식점>한식>육류,고기요리>돼지고기구이	서울특별시 마포구 월드컵북로48길 30	1268953094	375771509
전설의우대갈비 서울상암직영점	한식>육류,고기요리	서울특별시 마포구 월드컵북로 396	1268902224	375799066
온타이키친	음식점>태국음식	서울특별시 마포구 월드컵북로54길 17	1268885484	375813243
크라이치즈버거 상암점	음식점>양식>햄버거	서울특별시 마포구 매봉산로 75	1268932948	375784869
KFC 상암DMC	양식>햄버거	서울특별시 마포구 월드컵북로 396	1268913180	375793866
개미집 상암점	한식>낙지요리	서울특별시 마포구 월드컵북로 396	1268903781	375799749
코코이찌방야 상암MBC점	음식점>일식>카레	서울특별시 마포구 성암로 267	1268909024	375810811
모범반점	중식>중식당	서울특별시 마포구 월드컵북로56길 19	1268881105	375821909
남파랑국밥 상암본점	한식>국밥	서울특별시 마포구 월드컵북로44길 81	1268933531	375777620
미쁘동 연남본점	음식점>일식>일식당	서울특별시 마포구 동교로38길 33-21	1269262048	375621119
연남동 베르데	음식점>멕시코,남미음식	서울특별시 마포구 동교로 262-6	1269254674	375628233
빌라 더 다이닝 홍대본점	음식점>양식	서울특별시 마포구 동교로30길 16	1269249144	375601583
연하동 연남본점	음식점>일식>일식당	서울특별시 마포구 연남로 6	1269235360	375604990
카츠업 홍대점	음식점>일식>돈가스	서울특별시 마포구 홍익로 10	1269234358	375541052
히사시돈부리 연남본점	음식점>일식>덮밥	서울특별시 마포구 동교로38길 33-16	1269263016	375618861
둥지닭볶음탕 홍대점	음식점>한식	서울특별시 마포구 와우산로29마길 16	1269264934	375554944
미쁘동 연남2호점	음식점>일식>일식당	서울특별시 마포구 동교로38길 33-20	1269263137	375620883
솔솥 연남점	음식점>한식	서울특별시 마포구 동교로38길 35	1269257990	375613607
을밀대 평양냉면	한식>냉면	서울특별시 마포구 숭문길 24	1269455004	375474904
도화곱창	한식>곱창,막창,양	서울특별시 마포구 새창로2길 13	1269494134	375413816
프리미엄 규카츠 규도 마포공덕 본점	음식점>한식	서울특별시 마포구 마포대로 33	1269454561	375399130
모연 마포본점	한식>소고기구이	서울특별시 마포구 토정로 318	1269438139	375395090
우월소곱창 마포직영점	한식>곱창,막창,양	서울특별시 마포구 마포대로 73	1269489664	375422382
스키당 대흥점	음식점>일식>일식당	서울특별시 마포구 백범로20길 12	1269439295	375464144
두껍삼 마포직영점	한식>돼지고기구이	서울특별시 마포구 독막로 331	1269493317	375428987
드렁킨타이 공덕점	음식점>아시아음식	서울특별시 마포구 도화4길 27	1269513123	375407477
역전회관 마포본점	음식점>한식	서울특별시 마포구 토정로37길 47	1269470965	375429468
카츠업	음식점>일식>돈가스	서울특별시 서대문구 연세로5길 32	1269353168	375563150
훠궈먹고 신촌점	중식>중식당	서울특별시 서대문구 연세로 10	1269370569	375563872
이석덕생면파스타 신촌점	음식점>이탈리아음식	서울특별시 서대문구 명물길 16	1269378075	375575919
리정원 신촌점	한식>육류,고기요리	서울특별시 서대문구 명물길 59	1269392717	375591233
쭈꾸미블루스 신촌본점	해물,생선요리>주꾸미요리	서울특별시 마포구 백범로1길 21	1269379106	375548367
멘츠루 신촌점	음식점>일식>일본식라면	서울특별시 서대문구 신촌역로 43	1269406214	375589663
소신이쏘 신촌본점	한식>육류,고기요리	서울특별시 서대문구 연세로5가길 19	1269355349	375572041
풍년닭도리탕 신촌직영점	음식점>한식>육류,고기요리>닭볶음탕	서울특별시 서대문구 연세로5다길 5	1269350523	375562473
강남불백 신촌점	한식>백반,가정식	서울특별시 서대문구 연세로4길 6	1269374464	375569370
보승회관 서울신촌점	음식점>한식>국밥	서울특별시 서대문구 연세로5길 26	1269355410	375565804
탐라도야지 교대역본점	한식>육류,고기요리	서울특별시 서초구 서초대로50길 82	1270136468	374896170
진밀옥 교대직영점	한식>칼국수,만두	서울특별시 서초구 서초대로50길 104	1270137972	374885548
백소정 교대역점	음식점>일식>돈가스	서울특별시 서초구 서초대로48길 13	1270114921	374922698
부대찌개대사관 교대점	한식>찌개,전골	서울특별시 서초구 반포대로28길 94	1270132565	374918816
진대감 교대점	육류,고기요리>소고기구이	서울특별시 서초구 서초대로50길 62-9	1270131257	374903915
솔솥 교대역점	음식점>한식	서울특별시 서초구 반포대로26길 63	1270125216	374913932
가츠오 교대본점	음식점>일식>돈가스	서울특별시 서초구 서초중앙로20길 21	1270152490	374923781
양재족발 참족	한식>족발,보쌈	서울특별시 강남구 도곡로2길 14	1270331974	374887831
뱅뱅막국수	한식>국수	서울특별시 강남구 도곡로 112	1270327984	374897257
옥된장 양재점	음식점>한식	서울특별시 서초구 서운로6길 29	1270309945	374857415
미면정 양재본점	음식점>일식>샤브샤브	서울특별시 강남구 남부순환로365길 22	1270394490	374868819
퀸즈가든 양재점	음식점>일식>샤브샤브	서울특별시 서초구 남부순환로350길 30	1270360891	374834376
나베야 서초직영점	음식점>일식>돈가스	서울특별시 서초구 효령로 406	1270281963	374883115
오대산산채전문점	음식점>한식	서울특별시 서초구 남부순환로 2640-11	1270396454	374845544
소문난성수감자탕	한식>감자탕	서울특별시 성동구 연무장길 45	1270543870	375428370
화화돈 성수점	음식점>베트남음식	서울특별시 성동구 연무장7가길 3	1270548651	375432368
봄의정원 성수점	음식점>양식	서울특별시 성동구 연무장길 81	1270582575	375417012
고로고로 성수	음식점>일식>일식당	서울특별시 성동구 아차산로13길 16	1270613559	375447859
죠죠 성수점	음식점>일식>일식당	서울특별시 성동구 연무장17길 7	1270609786	375414821
사토규카츠 성수직영점	음식점>일식>일식당	서울특별시 성동구 연무장길 37-22	1270538354	375434611
풍조미역 성수본점	음식점>한식	서울특별시 성동구 성수일로8길 60	1270568978	375449042
사위식당 성수점	한식>곱창,막창,양	서울특별시 성동구 연무장5길 9-16	1270526591	375444391
오카츠 성수본점	음식점>일식>돈가스	서울특별시 성동구 연무장길 39-15	1270539046	375433406
스시도쿠 왕십리본점	음식점>일식>초밥,롤	서울특별시 성동구 왕십리광장로 6	1270361635	375610130
스시도쿠 카미동 왕십리본점	음식점>일식>일식당	서울특별시 성동구 왕십리로 295	1270357703	375604554
미도인 왕십리역사	음식점>양식	서울특별시 성동구 왕십리광장로 17	1270384971	375606921
제일곱창 본점	한식>곱창,막창,양	서울특별시 성동구 고산자로 281	1270361642	375648702
공푸 성신여대본점	중식>중식당	서울특별시 성북구 삼선교로24길 29	1270161214	375888146
동경산책 성신여대점	음식점>일식>일식당	서울특별시 성북구 보문로34길 45	1270179133	375908482
멘야하나비 성신여대점	음식점>일식>일본식라면	서울특별시 성북구 동소문로22길 39-5	1270185746	375914796
애정마라샹궈	중식>중식당	서울특별시 성북구 동소문로20나길 11	1270172450	375921882
김통	한식>돼지고기구이	서울특별시 성북구 동소문로 124	1270186016	375938284
한술식당 고대안암점	음식점>일식>덮밥	서울특별시 성북구 고려대로24길 15	1270295284	375855632
Poke all day 포케&샐러드 안암점	도시락,컵밥>다이어트,샐러드	서울특별시 성북구 개운사길 28	1270294552	375875595
오샬 안암본점	음식점>인도음식	서울특별시 성북구 고려대로24길 6	1270292370	375859819
프로마치 안암점	양식>샌드위치	서울특별시 성북구 고려대로24가길 13	1270301776	375853587
정동돼지국밥	음식점>한식	서울특별시 성북구 고려대로28길 5	1270305556	375860478
동경산책 석촌호수점	음식점>일식>일식당	서울특별시 송파구 백제고분로45길 15	1271097314	375096068
쌤쌤쌤 롯데월드몰점	음식점>양식	서울특별시 송파구 올림픽로 300	1271039586	375139529
배키욘방	음식점>일식>일식당	서울특별시 송파구 올림픽로32길 22-23	1271083747	375135489
퍼프룸 X 치즈룸 월드타워	음식점>이탈리아음식	서울특별시 송파구 올림픽로 300	1271041800	375140275
고도식 본점	한식>육류,고기요리	서울특별시 송파구 백제고분로45길 28	1271086207	375103652
잇쇼니라멘 문정본점	음식점>일식>일본식라면	서울특별시 송파구 법원로 114	1271209990	374854442
한양중식 문정점	중식>중식당	서울특별시 송파구 송파대로 167	1271210395	374848354
만애옥 송파 가락시장본점	한식>생선구이	서울특별시 송파구 송파대로24길 5-19	1271206240	374907604
올라포케 문정본점	도시락,컵밥>다이어트,샐러드	서울특별시 송파구 송파대로 167	1271210395	374848354
백소정 목동41타워점	음식점>일식>돈가스	서울특별시 양천구 목동동로 293	1268757769	375281774
가헌생갈비 목동본점	한식>육류,고기요리	서울특별시 양천구 목동동로 222-3	1268721525	375254432
넴넴 목동직영점	음식점>베트남음식	서울특별시 양천구 목동동로14길 1	1268718852	375244003
오목교곱창 목동본점	한식>곱창,막창,양	서울특별시 양천구 목동동로 226-13	1268728589	375255779
청기와타운 목동41타워점	한식>육류,고기요리	서울특별시 양천구 목동동로 293	1268757769	375281774
진주집	한식>국수	서울특별시 영등포구 국제금융로6길 33	1269268251	375206924
콘타이 IFC몰점	음식점>태국음식	서울특별시 영등포구 국제금융로 10	1269255866	375250448
호우섬 더현대서울점	음식점>중식당	서울특별시 영등포구 여의대로 108	1269277648	375258515
미도인 파이낸스여의도	음식점>양식	서울특별시 영등포구 국제금융로2길 32	1269241380	375238818
무탄 여의도점	중식>중식당	서울특별시 영등포구 의사당대로 96	1269228725	375215212
호호식당 타임스퀘어	음식점>일식>일식당	서울특별시 영등포구 영중로 15	1269039049	375171813
영등포꽃삼	한식>돼지고기구이	서울특별시 영등포구 영중로4길 6	1269070373	375171088
서가앤쿡 타임스퀘어점	음식점>이탈리아음식	서울특별시 영등포구 영중로 15	1269042623	375169678
하이디라오 영등포점	음식점>중식당	서울특별시 영등포구 영중로 28	1269058884	375188562
꽁비엔 영등포본점	음식점>베트남음식	서울특별시 영등포구 신길로61길 21	1269093073	375151618
쌤쌤쌤 용산점	음식점>양식	서울특별시 용산구 한강대로50길 25	1269721518	375315655
몽탄	한식>육류,고기요리	서울특별시 용산구 백범로99길 50	1269722500	375360103
현선이네 용산본점	분식>떡볶이	서울특별시 용산구 한강대로39길 2-13	1269692251	375311551
능동미나리 신용산점	음식점>한식	서울특별시 용산구 한강대로40길 28	1269708090	375301337
이태리국시 한남	음식점>양식	서울특별시 용산구 이태원로 234	1269995794	375356959
난포 한남	음식점>한식	서울특별시 용산구 이태원로49길 18	1269995239	375371307
부자피자 1호점	음식점>피자	서울특별시 용산구 이태원로55가길 28	1269998023	375372741
플러스84 이태원점	음식점>베트남음식	서울특별시 용산구 보광로59길 56	1269909224	375338848
다츠 한남	음식점>아시아음식	서울특별시 용산구 이태원로55나길 6	1269990952	375366640
다온카츠 연신내본점	음식점>일식>일식당	서울특별시 은평구 연서로29길 21-11	1269178881	376189289
이치고이치에 연신내 본점	음식점>일식>일식당	서울특별시 은평구 연서로27길 26	1269170087	376185876
봉평옹심이메밀칼국수	한식>칼국수,만두	서울특별시 은평구 연서로 247	1269219984	376197690
도리연닭도리탕 연신내점	음식점>한식>육류,고기요리>닭볶음탕	서울특별시 은평구 연서로27길 20	1269175320	376183438
진중 우육면관 본점	음식점>아시아음식	서울특별시 종로구 청계천로 75-2	1269862478	375685164
솥내음 종로인사동점	음식점>한식	서울특별시 종로구 인사동길 14	1269870311	375721281
익선잡방	음식점>브런치	서울특별시 종로구 수표로28길 17-21	1269894722	375733980
독립밀방 익선	음식점>양식	서울특별시 종로구 돈화문로11나길 30	1269902619	375740791
고가빈커리하우스 광화문본점	음식점>일식>카레	서울특별시 종로구 경희궁2길 7	1269709645	375728814
광화문미진	음식점>한식	서울특별시 종로구 종로 19	1269798986	375705485
진중 우육면관 광화문점	음식점>아시아음식	서울특별시 종로구 종로7길 29-14	1269812496	375720514
미도인 대학로	음식점>양식	서울특별시 종로구 대학로9길 32	1270003671	375818711
해피니스 대학로점	중식>중식당	서울특별시 종로구 대학로11길 40	1269996673	375824470
고은정 대학로본점	음식점>한식	서울특별시 종로구 창경궁로 240-7	1269989806	375824691
뎁짜이 대학로점	음식점>베트남음식	서울특별시 종로구 대학로11길 41-4	1269992354	375823969
쿄코코 대학로점	음식점>일식>일식당	서울특별시 종로구 대학로11길 38-23	1270004455	375825887
효담칼국수 닭한마리 명동본점	음식점>한식	서울특별시 중구 명동3길 12	1269836320	375642444
진대감 종로점	육류,고기요리>소고기구이	서울특별시 종로구 삼일대로17길 23	1269861837	375691252
샤오바오우육면 종로본점	음식점>중식당	서울특별시 종로구 삼일대로17길 15	1269866414	375691401
진주회관	한식>국수	서울특별시 중구 세종대로11길 26	1269745130	375623209
금성회관 서울시청직영점	한식>육류,고기요리	서울특별시 중구 남대문로1길 30	1269774892	375623316
만족오향족발 시청점	육류,고기요리>족발,보쌈	서울특별시 중구 서소문로 134-7	1269760158	375632554
무탄 광화문점	중식>중식당	서울특별시 종로구 새문안로 68	1269721401	375696647
명동교자 본점	한식>칼국수,만두	서울특별시 중구 퇴계로 129	1269861471	375611325
목멱산방 남산타워점	음식점>한식	서울특별시 중구 남산공원길 627	1269853285	375553582
란주칼면	중식>중식당	서울특별시 중구 소공로 64	1269821083	375609724
목멱산방	음식점>한식	서울특별시 중구 퇴계로20길 71	1269869447	375581107
평양면옥	음식점>한식>냉면	서울특별시 중구 장충단로 207	1270066739	375633790
명동피자 현대시티아울렛동대문점	양식>피자	서울특별시 중구 장충단로13길 20	1270079222	375685586
우육미	한식>육류,고기요리	서울특별시 중구 퇴계로 373	1270129953	375651674
콘드에뻬뻬	음식점>양식	서울특별시 중구 장충단로8길 21	1270075120	375621938
꿀삼겹 본점	한식>돼지고기구이	서울특별시 중랑구 봉우재로 139	1270883823	375932941
조아죽네쭈꾸미	음식점>한식	서울특별시 중랑구 봉우재로37길 17	1270877474	375937233
청년고기장수 상봉점	음식점>한식>육류,고기요리>돼지고기구이	서울특별시 중랑구 망우로 285	1270841126	375962494
오봉집 상봉점	음식점>한식	서울특별시 중랑구 망우로 290-2	1270848950	375960105
사위식당 판교점	한식>곱창,막창,양	경기도 성남시 분당구 판교역로 152	1271103442	373942512
영국식 커리 인디테이블	음식점>인도음식	경기도 성남시 분당구 동판교로177번길 25	1271135623	373973208
제이스팟	중식>중식당	경기도 성남시 분당구 판교역로 152	1271103247	373943208
이치규 아브뉴프랑 판교점	음식점>일식>일식당	경기도 성남시 분당구 동판교로177번길 25	1271136009	373973650
