두배고기 강남역본점	한식>육류,고기요리	서울특별시 강남구 테헤란로6길 42	1270315193	374958930
영광밥상	한식>한정식	서울특별시 서초구 사평대로56길 7	1270235782	375032281
연탄마을	한식>돼지고기구이	서울특별시 강남구 테헤란로19길 13	1270333880	375009534
1992 덮밥&짜글이 강남본점	음식점>한식	서울특별시 강남구 강남대로84길 6	1270291560	374964603
장모님밥상	한식>백반,가정식	서울특별시 강남구 강남대로94길 57	1270319312	375005882
미례국밥 강남삼성타운점	한식>국밥	서울특별시 서초구 서초대로74길 23	1270269746	374955389
농민백암순대 역삼직영점	한식>순대,순댓국	서울특별시 강남구 역삼로3길 20-4	1270314467	374949366
담원순대 강남직영점	한식>순대,순댓국	서울특별시 강남구 테헤란로4길 34	1270303359	374961125
진남관	음식점>한식	서울특별시 강남구 강남대로84길 28	1270309501	374969777
강남진해장	음식점>한식	서울특별시 강남구 테헤란로5길 11	1270292442	374995538
아방궁	중식>중식당	서울특별시 강남구 역삼로1길 18	1270305983	374944692
차슈밍	중식>중식당	서울특별시 강남구 강남대로94길 21	1270289394	374996727
삼성각	중식>중식당	서울특별시 서초구 서초대로78길 42	1270282327	374940826
남소관 우육도삭면	중식>중식당	서울특별시 강남구 테헤란로1길 19	1270275762	374996761
초선과여포	중식>중식당	서울특별시 서초구 서초대로78길 44	1270285054	374938971
스시도온	음식점>일식>초밥,롤	서울특별시 서초구 서초대로74길 23	1270271068	374956227
감탄성신 강남본점	음식점>일식>일식당	서울특별시 강남구 강남대로106길 14	1270267044	375029522
김남완초밥집	음식점>일식>초밥,롤	서울특별시 강남구 테헤란로20길 19	1270348890	374984149
만땅스시 역삼점	음식점>일식>초밥,롤	서울특별시 강남구 역삼로 128	1270337497	374940512
백초밥	음식점>일식>초밥,롤	서울특별시 강남구 논현로95길 29-16	1270339939	375010351
오모시로이규카츠	음식점>일식>일식당	서울특별시 강남구 봉은사로4길 40	1270269474	375023494
카츠왕 강남직영점	음식점>일식>일식당	서울특별시 강남구 강남대로94길 18	1270287396	374994336
우동명가 기리야마본진	음식점>일식>우동,소바	서울특별시 강남구 강남대로84길 23	1270304175	374971270
오제제 강남점	음식점>일식>일식당	서울특별시 강남구 강남대로 358	1270298087	374950692
이치규 강남신논현점	음식점>일식>일식당	서울특별시 강남구 봉은사로4길 19	1270266393	375035097
라브리크 서울	음식점>양식	서울특별시 강남구 봉은사로18길 66	1270280100	375024248
알렉스루카	음식점>양식	서울특별시 강남구 강남대로 338	1270304902	374934672
파브란트 강남	음식점>양식	서울특별시 강남구 테헤란로 129	1270323679	374999326
어거스트힐 강남점	음식점>양식	서울특별시 강남구 강남대로106길 25	1270276421	375033562
더미뇽 서울	음식점>양식	서울특별시 강남구 강남대로102길 25	1270274601	375027186
장원김밥 서초점	분식>김밥	서울특별시 서초구 서초대로77길 31	1270254357	375006488
덕자네방앗간	분식>떡볶이	서울특별시 서초구 서초대로77길 62	1270240599	375027501
닭장수김밥 강남직영점	분식>김밥	서울특별시 강남구 테헤란로4길 32	1270303167	374962702
힘난다떡볶이 본점	분식>떡볶이	서울특별시 강남구 강남대로84길 15	1270299418	374971650
두끼 강남역점	음식점>분식	서울특별시 강남구 강남대로98길 9	1270273407	375007335
류창희국수 역삼본점	한식>국수	서울특별시 강남구 역삼로 216	1270408135	374964447
모아 강남	음식점>한식	서울특별시 강남구 테헤란로5길 31	1270288118	375007050
명동칼국수	한식>칼국수,만두	서울특별시 강남구 강남대로84길 32	1270311224	374970582
팔도밀방 강남본점	음식점>한식	서울특별시 강남구 강남대로94길 11	1270282900	374995178
강남교자 본점	한식>칼국수,만두	서울특별시 서초구 강남대로69길 11	1270243176	375014856
베트남이랑	음식점>베트남음식	서울특별시 서초구 서초대로77길 15	1270261395	374989957
효뜨 강남점	음식점>베트남음식	서울특별시 강남구 강남대로 358	1270298087	374950692
포490 베트남 쌀국수	음식점>베트남음식	서울특별시 강남구 강남대로 396	1270270979	374979089
하노이의아침	음식점>베트남음식	서울특별시 서초구 강남대로55길 24	1270256660	374955990
강남쌀국수 신논현점	음식점>베트남음식	서울특별시 서초구 사평대로55길 10-11	1270232737	375047416
폴인포케 강남역점	도시락,컵밥>다이어트,샐러드	서울특별시 강남구 테헤란로1길 32	1270274721	375004154
올라포케 강남점	도시락,컵밥>다이어트,샐러드	서울특별시 강남구 테헤란로4길 46	1270304041	374955422
샐리오 샐러드&포케 역삼점	도시락,컵밥>다이어트,샐러드	서울특별시 강남구 역삼로 166	1270372329	374950033
밸런스포케 역삼점	도시락,컵밥>다이어트,샐러드	서울특별시 강남구 강남대로94길 75	1270334808	375007025
버터헤드 역삼점	도시락,컵밥>다이어트,샐러드	서울특별시 강남구 역삼로14길 3	1270353688	374943251
장인닭갈비 강남점	한식>닭갈비	서울특별시 강남구 테헤란로1길 19	1270274938	374996548
고수닭갈비	한식>닭갈비	서울특별시 강남구 강남대로96길 12	1270281716	374997744
다몽집 신논현본점	한식>육류,고기요리	서울특별시 강남구 강남대로100길 13	1270271567	375017942
진구곱창 강남역본점	한식>곱창,막창,양	서울특별시 서초구 서초대로75길 37	1270248770	375007431
청목	음식점>한식	서울특별시 강남구 테헤란로 124	1270315998	374987141
거평식당	한식>한정식	서울특별시 강남구 테헤란로 322	1270465899	375034721
갈비삼대 강남역삼점	한식>돼지고기구이	서울특별시 강남구 언주로93길 32-6	1270393499	375035812
영천얼큰돼지국밥 강남본점	한식>국밥	서울특별시 강남구 봉은사로44길 68	1270429260	375054188
복돈이 가마솥 순대국 강남본점	한식>순대,순댓국	서울특별시 강남구 테헤란로37길 22	1270405561	375036479
신주옥미 강남점	한식>순대,순댓국	서울특별시 강남구 테헤란로10길 21	1270329328	374978626
청담동순도리 강남역점	한식>순대,순댓국	서울특별시 강남구 역삼로3길 8	1270317328	374940548
정남옥 역삼점	한식>순대,순댓국	서울특별시 강남구 강남대로94길 72	1270331120	375006551
만월	중식>중식당	서울특별시 강남구 언주로81길 19	1270421679	374999378
천용	중식>중식당	서울특별시 강남구 언주로90길 12	1270441299	375023190
봉게짬뽕	중식>중식당	서울특별시 강남구 봉은사로6길 23	1270272641	375035771
카이 강남역점	중식>중식당	서울특별시 강남구 테헤란로8길 21	1270321058	374975353
짬뽕지존 역삼점	음식점>중식당	서울특별시 강남구 테헤란로10길 21	1270327532	374980712
치솟 역삼본점	음식점>일식>일식당	서울특별시 강남구 봉은사로30길 59	1270367344	375037272
양산도 역삼점	음식점>일식>일식당	서울특별시 강남구 논현로85길 70	1270324719	374976577
오사무식당 역삼점	음식점>일식>일식당	서울특별시 강남구 테헤란로 142	1270349335	374996752
우니도 강남점	음식점>일식>일식당	서울특별시 서초구 서초대로78길 28	1270278811	374952925
진지덮밥&돈가스 역삼점	음식점>일식>일식당	서울특별시 강남구 테헤란로25길 39	1270348075	375031225
트라가 역삼점	음식점>스페인음식	서울특별시 강남구 테헤란로25길 46	1270348172	375034960
지아니스나폴리 역삼 본점	음식점>이탈리아음식	서울특별시 강남구 논현로94길 15	1270375362	375026443
고급양식 역삼점	음식점>양식	서울특별시 강남구 역삼로17길 33	1270364747	374970044
비욘더 강남	음식점>양식	서울특별시 강남구 역삼로7길 5	1270330116	374944593
보슬보슬 역삼본점	분식>종합분식	서울특별시 강남구 논현로85길 59	1270332676	374977095
타이거 꼬마김밥 언주역 본점	분식>종합분식	서울특별시 강남구 봉은사로 170	1270327987	375067667
에그키친	분식>김밥	서울특별시 강남구 테헤란로21길 6	1270346049	375006803
옥순식당	음식점>한식	경기도 성남시 분당구 황새울로342번길 11	1271237076	373862047
엉터리숯불구이	한식>육류,고기요리	경기도 성남시 분당구 분당로53번길 15	1271219535	373843692
고미고미	한식>백반,가정식	경기도 성남시 분당구 중앙공원로31번길 42	1271252028	373834255
보정골	한식>백반,가정식	경기도 성남시 분당구 대왕판교로606번길 41	1271119451	373964764
집밥맛있다	한식>백반,가정식	경기도 성남시 분당구 대왕판교로 660	1271063722	374010087
판교집 본점	한식>육류,고기요리	경기도 성남시 분당구 판교역로 178	1271100770	373964406
우몽 판교본점	한식>소고기구이	경기도 성남시 분당구 판교역로192번길 12	1271108872	373973925
신주옥미 판교점	한식>순대,순댓국	경기도 성남시 분당구 대왕판교로606번길 31	1271107125	373964783
광화문국밥 판교점	한식>국밥	경기도 성남시 분당구 판교역로 152	1271104431	373941060
정백선순대 판교역점	한식>순대,순댓국	경기도 성남시 분당구 대왕판교로606번길 58	1271134653	373949716
신승반점 현대백화점 판교점	중식>중식당	경기도 성남시 분당구 판교역로146번길 20	1271116898	373933839
제이스팟	중식>중식당	경기도 성남시 분당구 판교역로 152	1271103247	373943208
페이딤 판교점	중식>중식당	경기도 성남시 분당구 판교역로 152	1271102892	373942126
덕후선생 아브뉴프랑 판교점	중식>중식당	경기도 성남시 분당구 동판교로177번길 25	1271133647	373971151
유방녕 현대백화점 판교점	중식>중식당	경기도 성남시 분당구 판교역로146번길 20	1271123981	373930333
오복수산 판교점	음식점>일식>일식당	경기도 성남시 분당구 분당내곡로 131	1271121495	373954525
오마카세 스시이찌 판교점	음식점>일식>일식당	경기도 성남시 분당구 판교역로192번길 22	1271120303	373980298
스시코호시	음식점>일식>일식당	경기도 성남시 분당구 판교역로 230	1271101549	374011574
아나바 스시 엔 누들	음식점>일식>초밥,롤	경기도 성남시 분당구 대왕판교로606번길 58	1271137884	373951792
스시혼 아브뉴프랑 판교본점	음식점>일식>초밥,롤	경기도 성남시 분당구 동판교로177번길 25	1271133207	373971259
정돈 현대백화점 판교점	음식점>일식>돈가스	경기도 성남시 분당구 판교역로146번길 20	1271120072	373922788
카츠쇼쿠도우 판교본점	음식점>일식>돈가스	경기도 성남시 분당구 판교역로 152	1271103442	373942512
카츠쇼신 판교아브뉴프랑점	음식점>일식>돈가스	경기도 성남시 분당구 동판교로177번길 25	1271137267	373977442
이치규 아브뉴프랑 판교점	음식점>일식>일식당	경기도 성남시 분당구 동판교로177번길 25	1271136009	373973650
낙원테산도 현대백화점 판교점	음식점>일식>일식당	경기도 성남시 분당구 판교역로146번길 20	1271123981	373931075
핑거크로스	음식점>양식	경기도 성남시 분당구 동판교로177번길 25	1271135605	373974220
까사논나	음식점>양식	경기도 성남시 분당구 대왕판교로 660	1271068530	374004763
이탈리 판교점	음식점>이탈리아음식	경기도 성남시 분당구 판교역로146번길 20	1271124522	373931856
살레르노 판교점	음식점>이탈리아음식	경기도 성남시 분당구 판교역로 145	1271088954	373943220
라디오베이 판교점	음식점>양식	경기도 성남시 분당구 판교역로192번길 12	1271108532	373975763
영심이떡볶이&김밥 판교2호점	분식>종합분식	경기도 성남시 분당구 대왕판교로606번길 45	1271118413	373970466
삼형제김밥 판교역점	음식점>분식	경기도 성남시 분당구 대왕판교로606번길 58	1271134720	373952349
레드175 판교점	음식점>분식	경기도 성남시 분당구 판교역로 136	1271105237	373921015
스쿨푸드 판교점	음식점>분식	경기도 성남시 분당구 동판교로52번길 17-8	1271151620	373862718
백현김밥	분식>김밥	경기도 성남시 분당구 동판교로 55	1271146681	373882472
국수의진수	한식>칼국수,만두	경기도 성남시 분당구 대왕판교로 660	1271068530	374004763
아름멸치국수	한식>국수	경기도 성남시 분당구 판교로 444	1271230652	374050591
명동칼국수샤브샤브 판교테크노벨리점	한식>칼국수,만두	경기도 성남시 분당구 판교역로 231	1271086759	374012888
정희 판교아브뉴프랑점	음식점>한식	경기도 성남시 분당구 동판교로177번길 25	1271135578	373977288
강남교자 분당서현점	한식>칼국수,만두	경기도 성남시 분당구 서현로210번길 10	1271248263	373864019
마마문스 판교본점	음식점>베트남음식	경기도 성남시 분당구 판교역로 145	1271090189	373935168
헤이준쌀국수 판교알파돔점	음식점>베트남음식	경기도 성남시 분당구 판교역로 152	1271103138	373942381
르메콩	음식점>베트남음식	경기도 성남시 분당구 대왕판교로 670	1271066516	374020287
반포식스 판교역점	음식점>베트남음식	경기도 성남시 분당구 판교역로192번길 12	1271107446	373974910
까몬 판교아브뉴프랑점	음식점>베트남음식	경기도 성남시 분당구 동판교로177번길 25	1271137699	373978886
훅트포케 판교점	도시락,컵밥>다이어트,샐러드	경기도 성남시 분당구 판교역로 145	1271089747	373943210
올라포케 판교점	도시락,컵밥>다이어트,샐러드	경기도 성남시 분당구 대왕판교로 660	1271073634	374010644
Poke all day 포케&샐러드 판교점	도시락,컵밥>다이어트,샐러드	경기도 성남시 분당구 분당내곡로 131	1271121136	373954648
올레샐러드	도시락,컵밥>다이어트,샐러드	경기도 성남시 분당구 대왕판교로 660	1271068530	374004763
샐러드카페 파라	도시락,컵밥>다이어트,샐러드	경기도 성남시 분당구 판교역로192번길 16	1271114460	373977446
돈대리 돈까스백반	음식점>한식	서울특별시 영등포구 여의나루로 67	1269265557	375235376
진성	음식점>한식	서울특별시 영등포구 여의대로 66	1269236889	375247289
원조감자탕일미집 여의도점	음식점>한식	서울특별시 영등포구 국제금융로8길 25	1269284866	375203231
고슬담 브라이튼	음식점>한식	서울특별시 영등포구 국제금융로 39	1269301698	375243592
은민홍	한식>생선회	서울특별시 영등포구 국제금융로6길 17	1269281613	375218394
화목순대국	한식>순대,순댓국	서울특별시 영등포구 여의대방로 383	1269316586	375194005
농민백암순대 여의도점	한식>순대,순댓국	서울특별시 영등포구 국회대로 780	1269194786	375298542
한첩 순대국밥 서여의도점	한식>순대,순댓국	서울특별시 영등포구 의사당대로 38	1269196374	375257411
청담동순도리 여의도점	한식>순대,순댓국	서울특별시 영등포구 의사당대로 96	1269228725	375215212
본가성심집	한식>국밥	서울특별시 영등포구 63로 45	1269384542	375205494
팔당반점 동여의도점	중식>중식당	서울특별시 영등포구 의사당대로 127	1269260865	375203482
양자강	중식>중식당	서울특별시 영등포구 63로 36	1269385280	375196148
카이 여의도점	중식>중식당	서울특별시 영등포구 의사당대로1길 25	1269297089	375198912
팔당반점 여의도BNK직영점	중식>중식당	서울특별시 영등포구 국제금융로2길 24	1269248449	375243159
왕산	중식>중식당	서울특별시 영등포구 여의나루로 117	1269310847	375262452
일품 여의도점	음식점>일식>일식당	서울특별시 영등포구 은행로 25	1269215453	375287196
오복수산 씨티플라자 여의도점	음식점>일식>일식당	서울특별시 영등포구 국제금융로2길 17	1269260425	375240636
동해도 일식	음식점>일식>일식당	서울특별시 영등포구 은행로 25	1269214013	375287001
호시히카리 여의도점	음식점>일식>일식당	서울특별시 영등포구 국제금융로2길 32	1269241380	375238818
신희초밥	음식점>일식>초밥,롤	서울특별시 영등포구 국제금융로2길 37	1269243100	375229862
정돈프리미엄 더현대 서울점	음식점>일식>돈가스	서울특별시 영등포구 여의대로 108	1269280067	375258393
모모돈까스	음식점>일식>돈가스	서울특별시 영등포구 국제금융로 78	1269311682	375208295
카츠아지 여의도점	음식점>일식>돈가스	서울특별시 영등포구 국제금융로 39	1269302966	375242652
하하코식당 여의도	음식점>일식>일식당	서울특별시 영등포구 63로 36	1269385029	375195203
온미동	음식점>일식>일식당	서울특별시 영등포구 여의나루로 67-8	1269261044	375238397
심퍼티쿠시 여의도점	음식점>양식	서울특별시 영등포구 의사당대로 96	1269228725	375215212
본보야지	음식점>이탈리아음식	서울특별시 영등포구 국제금융로2길 7	1269267799	375246726
시즈널리티	음식점>양식	서울특별시 영등포구 국제금융로7길 22	1269330807	375232562
미스테리 쉐프 린	음식점>양식	서울특별시 영등포구 여의대방로67길 22	1269299809	375206844
시에나 프리모	음식점>이탈리아음식	서울특별시 영등포구 국회대로70길 19	1269209250	375291156
박선영 김밥	분식>김밥	서울특별시 영등포구 여의나루로 113	1269308400	375259487
마리아분식 더현대파크원점	분식>종합분식	서울특별시 영등포구 여의대로 108	1269278090	375272130
여우애김밥 여의도점	음식점>분식	서울특별시 영등포구 국회대로76길 16	1269216718	375299621
틈새라면 여의도KBS본관점	음식점>분식	서울특별시 영등포구 의사당대로 38	1269179540	375258210
닭장수김밥 여의도점	분식>김밥	서울특별시 영등포구 국제금융로6길 30	1269266154	375217254
진주집	한식>국수	서울특별시 영등포구 국제금융로6길 33	1269268251	375206924
제일제면소 여의도IFC점	한식>국수	서울특별시 영등포구 국제금융로 10	1269252553	375253096
소호정 여의도국회의사당점	한식>국수	서울특별시 영등포구 국회대로70길 15-1	1269204842	375298145
소호정 동여의도점	한식>국수	서울특별시 영등포구 국제금융로 86	1269316854	375199897
명동칼국수 푸드엠파이어 IFC몰점	한식>칼국수,만두	서울특별시 영등포구 국제금융로 10	1269260311	375253127
퍼부어 더현대서울	음식점>베트남음식	서울특별시 영등포구 여의대로 108	1269278091	375260585
하롱베이의하루 여의도본점	음식점>베트남음식	서울특별시 영등포구 의사당대로 38	1269181700	375259840
비욘드비엣남 여의도점	음식점>베트남음식	서울특별시 영등포구 여의대방로 383	1269313639	375191833
비욘드비엣남 국회의사당점	음식점>베트남음식	서울특별시 영등포구 의사당대로 26	1269181067	375265371
포아시아	음식점>베트남음식	서울특별시 영등포구 의사당대로 127	1269262328	375202546
크리스피프레시 여의도파크원점	도시락,컵밥>다이어트,샐러드	서울특별시 영등포구 여의대로 108	1269270981	375266849
올라포케 동여의도점	도시락,컵밥>다이어트,샐러드	서울특별시 영등포구 의사당대로1길 25	1269298331	375200666
아임샐러드	도시락,컵밥>다이어트,샐러드	서울특별시 영등포구 국회대로70길 18	1269203587	375288954
알로하포케 IFC몰점	음식점>도시락,컵밥>다이어트,샐러드	서울특별시 영등포구 국제금융로 10	1269263000	375249437
하와이안보울	도시락,컵밥>다이어트,샐러드	서울특별시 영등포구 여의대로 24	1269199655	375221928
사랑방칼국수	음식점>한식	서울특별시 중구 퇴계로27길 46	1269913418	375632872
일미식당	한식>백반,가정식	서울특별시 종로구 삼일대로 428	1269876939	375728300
무구옥	음식점>한식	서울특별시 종로구 율곡로1길 7	1269799066	375764071
잊지마식당	한식>백반,가정식	서울특별시 중구 퇴계로41길 47	1269954730	375639589
승우네식당	한식>백반,가정식	서울특별시 종로구 종로 190-4	1269988221	375704887
신가원 설렁탕	한식>곰탕,설렁탕	서울특별시 중구 을지로3길 21	1269815002	375670246
은호식당	음식점>한식	서울특별시 중구 남대문시장4길 28-4	1269770705	375590023
나주곰탕 종로 인의동	한식>곰탕,설렁탕	서울특별시 종로구 창경궁로 119	1269974431	375730828
금성관 나주곰탕	한식>곰탕,설렁탕	서울특별시 중구 남대문로 29	1269789044	375613997
맑은곰탕 고음 종로	한식>곰탕,설렁탕	서울특별시 종로구 인사동3길 35	1269850151	375714996
개화 명동점	중식>중식당	서울특별시 중구 남대문로 52-5	1269818503	375620819
란주칼면	중식>중식당	서울특별시 중구 소공로 64	1269821083	375609724
원흥	중식>중식당	서울특별시 중구 다동길 46	1269819007	375678937
오구반점	중식>중식당	서울특별시 중구 수표로 60	1269898496	375665179
신승관	중식>중식당	서울특별시 종로구 종로 19	1269798606	375708344
동해도 광화문점	음식점>일식>일식당	서울특별시 중구 무교로 28	1269794820	375684296
코끼리초밥 광화문점	음식점>일식>초밥,롤	서울특별시 종로구 세종대로 178	1269778819	375721535
어담익선	음식점>일식>초밥,롤	서울특별시 종로구 돈화문로11나길 27	1269901653	375739949
사토루 더 서촌	음식점>일식>일식당	서울특별시 종로구 자하문로7길 11	1269709856	375783639
일품 광화문점	음식점>일식>일식당	서울특별시 종로구 종로 19	1269798606	375708344
을지돈가스 명동본점	음식점>일식>돈가스	서울특별시 중구 명동9길 10	1269849975	375643266
이치규 광화문점	음식점>일식>일식당	서울특별시 종로구 종로 19	1269798606	375708344
명동돈가스	음식점>일식>돈가스	서울특별시 중구 명동3길 8	1269835560	375640263
곰소바 돈까스	음식점>일식>돈가스	서울특별시 서대문구 경기대로 64	1269640900	375645340
오봉카츠	음식점>일식>일식당	서울특별시 종로구 자하문로5길 24-1	1269704883	375777902
익선취향	음식점>양식	서울특별시 종로구 수표로28길 17-32	1269895934	375735970
심퍼티쿠시 광화문점	음식점>양식	서울특별시 종로구 율곡로 6	1269806761	375755559
한옥달 레스토랑	이탈리아음식>스파게티,파스타전문	서울특별시 종로구 자하문로1가길 9	1269718720	375769814
핏제리아 빠드레	음식점>이탈리아음식	서울특별시 종로구 새문안로5길 11-13	1269741385	375710651
파스타마켓 혜화 본점	이탈리아음식>스파게티,파스타전문	서울특별시 종로구 대학로11길 9-5	1270012480	375820794
명화당 명동1호점	분식>종합분식	서울특별시 중구 명동4길 30	1269837950	375623945
교남김밥	분식>김밥	서울특별시 종로구 경교장길 35	1269652933	375683803
꼬소한부뚜막 광화문광장점	분식>종합분식	서울특별시 종로구 세종대로23길 15	1269756633	375715135
병아리김밥 명동점	분식>김밥	서울특별시 중구 명동10길 19-3	1269855893	375629999
현선이네 청계즉석점	분식>떡볶이	서울특별시 중구 남대문로 112	1269830312	375671291
효담칼국수 닭한마리 명동본점	음식점>한식	서울특별시 중구 명동3길 12	1269836320	375642444
황생가칼국수	한식>칼국수,만두	서울특별시 종로구 북촌로5길 78	1269806900	375801317
대련집	한식>칼국수,만두	서울특별시 종로구 종로16길 37	1269889029	375683895
종가만두	한식>칼국수,만두	서울특별시 종로구 수표로 88	1269896787	375689062
신라제면 안국점	한식>국수	서울특별시 종로구 계동길 19-6	1269862338	375782217
을지깐깐	음식점>베트남음식	서울특별시 중구 을지로12길 12	1269910634	375657466
뎁짜이 대학로점	음식점>베트남음식	서울특별시 종로구 대학로11길 41-4	1269992354	375823969
대성성 서순라길	음식점>베트남음식	서울특별시 종로구 율곡로10길 25-3	1269912236	375764860
타마린드 디타워점	음식점>베트남음식	서울특별시 종로구 종로3길 17	1269789694	375710184
서촌 깜온 본점	음식점>베트남음식	서울특별시 종로구 자하문로2길 18	1269736913	375764402
그리너 남대문점	도시락,컵밥>다이어트,샐러드	서울특별시 중구 남대문로 6	1269764084	375603412
언더랩 샐러드&포케	도시락,컵밥>다이어트,샐러드	서울특별시 종로구 새문안로3길 30	1269733705	375727373
훅트포케 을지로점	도시락,컵밥>다이어트,샐러드	서울특별시 중구 삼일대로12길 18	1269887654	375666400
폴인포케 서울시청점	도시락,컵밥>다이어트,샐러드	서울특별시 중구 남대문로1길 30	1269775280	375623366
올라포케 광화문점	도시락,컵밥>다이어트,샐러드	서울특별시 종로구 새문안로5길 19	1269743109	375720320
다담정식	음식점>한식	서울특별시 종로구 청계천로 35	1269813961	375694054
한솔식당	음식점>한식	서울특별시 종로구 청계천로 35	1269813282	375692701
돈맛꿀	한식>국밥	서울특별시 종로구 수표로22길 2	1269895649	375710740
우메돈	음식점>일식>돈가스	서울특별시 중구 충무로 31	1269927585	375640129
모모야 동대문 DDP점	음식점>일식>돈가스	서울특별시 중구 을지로 281	1270098129	375675604
도우또 을지로	음식점>일식>일식당	서울특별시 중구 을지로18길 42	1269940415	375647071
원조남산왕돈까스 명동본점	음식점>일식>돈가스	서울특별시 중구 명동7길 21	1269836914	375647491
부자돈까스	음식점>일식>돈가스	서울특별시 중구 수표로 30	1269903115	375638108
뽁 현대아울렛 동대문점	분식>김밥	서울특별시 중구 장충단로13길 20	1270075065	375688780
김가네 동대문디자인플라자점	음식점>분식	서울특별시 중구 을지로 281	1270097353	375668269
싸다김밥 을지로입구역점	음식점>분식	서울특별시 중구 명동3길 44	1269836405	375656326
싸다김밥 동대문2호점	음식점>분식	서울특별시 중구 장충단로13길 11	1270080607	375678270
낭만김밥	분식>김밥	서울특별시 중구 명동7길 21	1269836819	375648932
더 시옷	음식점>양식	서울특별시 중구 수표로 30	1269903062	375638355
20 어클락 모먼트	음식점>양식	서울특별시 중구 창경궁로5길 5	1269977467	375670765
라칸티나	음식점>이탈리아음식	서울특별시 중구 을지로 19	1269800349	375662396
지금 여기가 맨 앞	음식점>이탈리아음식	서울특별시 중구 을지로20길 16	1269952612	375656852
필동함박 을지로점 오무야	음식점>스테이크,립	서울특별시 중구 마른내로 50-1	1269933514	375641984
전라도밥상	음식점>한식	서울특별시 구로구 디지털로26길 111	1268967482	374825770
우리집	한식>육류,고기요리	서울특별시 구로구 디지털로27나길 10-6	1268918551	374838980
김삼보	음식점>한식	서울특별시 구로구 디지털로34길 55	1268994585	374841594
대선식당	음식점>한식	서울특별시 구로구 디지털로26길 111	1268973399	374822608
우리순대국	한식>순대,순댓국	서울특별시 구로구 디지털로32가길 25	1268989356	374821622
정남옥 구로디지털지점	한식>순대,순댓국	서울특별시 구로구 디지털로33길 27	1268948476	374861987
박순자아우내순대 구로점	한식>순대,순댓국	서울특별시 구로구 디지털로31길 38-9	1268930324	374859375
순배순대국	한식>순대,순댓국	서울특별시 구로구 디지털로30길 31	1268962354	374827498
중화백반	중식>중식당	서울특별시 구로구 디지털로34길 55	1268994585	374841594
안사부 구로디지털단지점	중식>중식당	서울특별시 구로구 디지털로31길 38-9	1268929972	374858831
스시비쇼쿠	음식점>일식>초밥,롤	서울특별시 구로구 디지털로34길 55	1268992567	374837235
스시메이진 구로	음식점>일식,초밥뷔페	서울특별시 구로구 디지털로 300	1268969015	374853352
행복한점	음식점>일식>초밥,롤	서울특별시 구로구 디지털로31길 120	1268907405	374888053
최우영스시	음식점>일식>초밥,롤	서울특별시 구로구 디지털로 288	1268953657	374837318
마쓰이 슈퍼회전초밥	음식점>일식>초밥,롤	서울특별시 구로구 디지털로34길 27	1268982231	374854726
흥도식당 구로디지털단지점	음식점>일식>돈가스	서울특별시 구로구 디지털로26길 123	1268978988	374831102
호코 구로직영점	음식점>일식>일식당	서울특별시 구로구 디지털로 272	1268944086	374824913
우동키노야 구로디지털단지점	음식점>일식>우동,소바	서울특별시 구로구 디지털로 300	1268964111	374850096
돈까스브로스 구로디지털단지점	음식점>일식>돈가스	서울특별시 구로구 디지털로 288	1268953657	374837318
오방김밥 구로디지털단지점	분식>종합분식	서울특별시 구로구 디지털로26길 43	1268947525	374808511
즐겨찾기	분식>떡볶이	서울특별시 구로구 디지털로31길 81	1268913129	374863684
청담동마녀김밥 구로디지털점	음식점>분식	서울특별시 구로구 디지털로34길 55	1268989381	374843021
진김밥	분식>김밥	서울특별시 구로구 도림천로 477	1269014661	374852137
식물원김밥 구로디지털단지점	분식>김밥	서울특별시 구로구 디지털로34길 43	1268988405	374851514
고향 엄마손 생바지락 칼국수 구로디지털직영점	한식>칼국수,만두	서울특별시 구로구 디지털로 306	1268977359	374859916
오백국수 구로디지털점	음식점>한식>국수	서울특별시 구로구 디지털로32길 87	1269000838	374832392
오시오칼국수	한식>칼국수,만두	서울특별시 구로구 디지털로 243	1268925690	374820007
청년38국수 구로점	한식>국수	서울특별시 구로구 디지털로31길 53	1268924235	374854891
효자동쌀국수미	음식점>베트남음식	서울특별시 구로구 시흥대로163길 33	1268981795	374818419
벳남미식 구디직영점	음식점>베트남음식	서울특별시 구로구 디지털로 272	1268948389	374827804
원포 구로디지털단지점	음식점>베트남음식	서울특별시 구로구 디지털로 288	1268953754	374838432
포비엣베트남쌀국수	음식점>베트남음식	서울특별시 구로구 디지털로33길 27	1268950954	374860865
호앙비엣 구로디지털단지역 직영점	음식점>베트남음식	서울특별시 구로구 시흥대로 559	1269012340	374831081
헤비스테이크 구로디지털단지점	음식점>양식	서울특별시 구로구 디지털로26길 110	1268976790	374820769
핏짜피자 구로점	음식점>피자	서울특별시 구로구 디지털로31길 81	1268912735	374863568
제비파스타&리조또 구로디지털단지점	음식점>양식	서울특별시 구로구 시흥대로163길 12	1268993185	374816789
훅트포케 구로디지털단지점	도시락,컵밥>다이어트,샐러드	서울특별시 구로구 디지털로29길 38	1268933085	374844181
그린테이블 구디점	도시락,컵밥>다이어트,샐러드	서울특별시 구로구 디지털로34길 55	1268994585	374841594
Poke all day 포케&샐러드 구로점	도시락,컵밥>다이어트,샐러드	서울특별시 구로구 디지털로26길 5	1268936088	374818920
슬로우캘리 구로디지털단지점	도시락,컵밥>다이어트,샐러드	서울특별시 구로구 디지털로30길 31	1268958497	374828947
싱싱샐러드 구로점	음식점>도시락,컵밥>다이어트,샐러드	서울특별시 구로구 디지털로29길 38	1268929621	374844143
아탕	음식점>한식	서울특별시 마포구 성암로13길 14	1268965791	375773590
남파랑국밥 상암본점	한식>국밥	서울특별시 마포구 월드컵북로44길 81	1268933531	375777620
오복가정식	한식>백반,가정식	서울특별시 마포구 월드컵북로44길 68	1268941364	375775439
돈암고깃국	한식>국밥	서울특별시 마포구 월드컵북로54길 25	1268895010	375818577
넉넉한밥상	한식>백반,가정식	서울특별시 마포구 월드컵북로 402	1268890428	375802065
상암뚝배기	한식>순대,순댓국	서울특별시 마포구 월드컵북로 396	1268898190	375793419
정백선순대 상암점	음식점>한식	서울특별시 마포구 매봉산로2길 15	1268949488	375784845
용무있습니까 상암점	중식>중식당	서울특별시 마포구 성암로 267	1268909867	375810580
모범반점	중식>중식당	서울특별시 마포구 월드컵북로56길 19	1268881105	375821909
셰셰	중식>중식당	서울특별시 마포구 월드컵북로50길 14-6	1268939780	375770375
홍월이륙	중식>중식당	서울특별시 마포구 월드컵북로44길 35-3	1268953908	375762753
추천해꼬막짬뽕 상암dmc점	중식>중식당	서울특별시 마포구 매봉산로 75	1268929514	375785190
골목초밥	음식점>일식>초밥,롤	서울특별시 마포구 성암로15길 4	1268955550	375785833
오마카세 오사이초밥 상암점	음식점>일식>초밥,롤	서울특별시 마포구 월드컵북로44길 33	1268955198	375763069
한	음식점>일식>일식당	서울특별시 마포구 월드컵북로 352-6	1268931642	375771521
김영섭초밥	음식점>일식>초밥,롤	서울특별시 마포구 월드컵북로 352-18	1268933096	375776686
상암동 경양식당	음식점>일식>돈가스	서울특별시 마포구 월드컵북로54길 17	1268887125	375813068
우동키노야 상암점	음식점>일식>우동,소바	서울특별시 마포구 월드컵북로 402	1268889677	375802099
킷토	음식점>일식>돈가스	서울특별시 마포구 매봉산로2길 23	1268952444	375782071
마이클돈까스 본점	음식점>일식>돈가스	서울특별시 마포구 월드컵북로 381	1268896444	375783678
시카노이에 상암점	음식점>일식>일식당	서울특별시 마포구 성암로13길 16	1268965746	375772684
여우애 김밥 상암DMC점	음식점>분식	서울특별시 마포구 월드컵북로 396	1268898190	375793419
청담동마녀김밥 상암점	음식점>분식	서울특별시 마포구 월드컵북로54길 17	1268883497	375816340
오토김밥 상암점	음식점>분식	서울특별시 마포구 월드컵북로 434	1268859573	375816533
영미화김밥 상암점	분식>김밥	서울특별시 마포구 월드컵북로 381	1268899015	375779650
삼형제김밥 상암점	음식점>분식	서울특별시 마포구 월드컵북로 396	1268898190	375793418
상암동멸치국수	한식>국수	서울특별시 마포구 월드컵북로44길 24	1268959626	375762291
청하칼국수	한식>칼국수,만두	서울특별시 마포구 상암산로 76	1268923269	375789646
황가네칼국수	음식점>한식	서울특별시 마포구 매봉산로2길 45	1268959034	375773086
팬앤포	음식점>베트남음식	서울특별시 마포구 매봉산로 75	1268929514	375785190
빅포1982 상암점	음식점>베트남음식	서울특별시 마포구 매봉산로2안길 7	1268949767	375779391
상암쌀국수	음식점>베트남음식	서울특별시 마포구 월드컵북로 381	1268897954	375778498
일포베트남쌀국수	음식점>베트남음식	서울특별시 마포구 성암로13길 28	1268969321	375768186
고수한잎	음식점>아시아음식	서울특별시 마포구 성암로15길 12	1268956329	375781830
달리181 상암점	음식점>양식	서울특별시 마포구 월드컵북로54길 17	1268885633	375813386
우노네	음식점>양식	서울특별시 마포구 월드컵북로48길 33-7	1268951542	375775999
파스타공작소	이탈리아음식>스파게티,파스타전문	서울특별시 마포구 월드컵북로42가길 24	1268970162	375753805
매드포갈릭 상암MBC점	양식>이탈리아음식	서울특별시 마포구 성암로 255	1268916189	375798173
핀사로 상암	음식점>피자	서울특별시 마포구 월드컵북로 396	1268898190	375793419
그린하이 샐러드	도시락,컵밥>다이어트,샐러드	서울특별시 마포구 월드컵북로 396	1268898190	375793418
올라포케 상암DMC점	도시락,컵밥>다이어트,샐러드	서울특별시 마포구 월드컵북로 396	1268898190	375793419
보울레시피 상암점	도시락,컵밥>다이어트,샐러드	서울특별시 마포구 월드컵북로 402	1268889677	375802099
SLB샐러드 상암점	도시락,컵밥>다이어트,샐러드	서울특별시 마포구 월드컵북로54길 17	1268885277	375816107
Poke all day 포케&샐러드 상암점	도시락,컵밥>다이어트,샐러드	서울특별시 마포구 월드컵북로 396	1268898189	375793419
대물섬 종로점	음식점>한식	서울특별시 종로구 종로8길 21	1269840613	375691329
육석관	한식>육류,고기요리	서울특별시 종로구 삼일대로15길 16	1269866383	375689319
종각역 미술관 고기집 인사동점	한식>육류,고기요리	서울특별시 종로구 우정국로2길 37	1269852102	375696338
이복희해장 종로직영점	음식점>한식	서울특별시 종로구 삼일대로 385	1269873599	375689415
청진동장터순대국	한식>순대,순댓국	서울특별시 종로구 종로5길 40	1269804455	375720966
광화문24시감자탕	한식>감자탕	서울특별시 종로구 종로3길 42	1269794117	375722347
청진옥	한식>해장국	서울특별시 종로구 종로3길 32	1269794207	375717535
진순대	한식>순대,순댓국	서울특별시 종로구 삼봉로 80-14	1269816596	375720217
병천유황오리 본점	한식>오리요리	서울특별시 종로구 삼봉로 68	1269809267	375721761
온점 을지로점	한식>육류,고기요리	서울특별시 중구 을지로 29	1269810422	375664910
데일리픽스 을지로	음식점>햄버거	서울특별시 중구 남대문로9길 24	1269813054	375670949
멘츠루 시청점	음식점>일식>일본식라면	서울특별시 중구 서소문로11길 2	1269731249	375629944
아리연	한식>한정식	서울특별시 중구 세종대로12길 12	1269768063	375617253
대보정 서울시청역점	한식>육류,고기요리	서울특별시 중구 세종대로9길 41	1269730165	375613584
정백어가 광화문 피맛골본점	한식>생선구이	서울특별시 종로구 종로 19	1269798606	375708344
오레노 야끼 종로점	음식점>일식>일식당	서울특별시 종로구 우정국로 45-27	1269813635	375730606
태양 종각점	중식>중식당	서울특별시 종로구 우정국로 42-2	1269833740	375728418
쌤쌤쌤 광화문점	음식점>양식	서울특별시 종로구 종로3길 17	1269788010	375706323
브라주카그릴	음식점>양식	서울특별시 중구 무교로 19	1269790835	375676200
고려보쌈	한식>족발,보쌈	서울특별시 중구 세종대로20길 23	1269787500	375671549
태진옥	한식>순대,순댓국	서울특별시 중구 무교로 17-25	1269785584	375674370
오복수산참치 광화문점	한식>생선회	서울특별시 중구 무교로 21	1269789531	375679064
탄백	한식>칼국수,만두	서울특별시 중구 정동길 37	1269724678	375659578
무월 서울시청점	음식점>한식	서울특별시 중구 소공로 116	1269789623	375648639
정동1946 서울시청본점	한식>육류,고기요리	서울특별시 중구 서소문로11길 19	1269728074	375633823
분지로 한국본점	음식점>일식>돈가스	서울특별시 중구 남대문로 81	1269816120	375646957
일미식당	한식>백반,가정식	서울특별시 종로구 삼일대로 428 낙원악기상가 지하1층 148호	1269876939	375728300
돈맛꿀	한식>국밥	서울특별시 종로구 수표로22길 2 지상 1층	1269895649	375710740
선어도 청계천삼일빌딩점	한식>생선회	서울특별시 종로구 청계천로 85 지하1층	1269871596	375686402
종로반상회	음식점>한식	서울특별시 종로구 우정국로2길 8	1269834885	375694910
다담정식	음식점>한식	서울특별시 종로구 청계천로 35 관정빌딩 지하1층	1269813961	375694054
엄용백 돼지국밥 종각점	한식>국밥	서울특별시 종로구 인사동3길 20	1269858222	375718777
북촌무궁화	음식점>한식	서울특별시 종로구 수표로 126	1269889328	375723618
금촌국밥	음식점>한식	서울특별시 종로구 인사동5길 20 1층	1269851476	375726006
육결 종로본점	음식점>한식	서울특별시 종로구 삼일대로15길 22	1269862797	375688942
한양중식 종로점	중식>중식당	서울특별시 종로구 종로 51 종로타워 지하 2층	1269836975	375706386
차이들 안녕인사동점	중식>중식당	서울특별시 종로구 인사동길 49 3층	1269835556	375744663
초류향	중식>중식당	서울특별시 중구 다동길 24-10	1269804186	375674951
안래홍	중식>중식당	서울특별시 종로구 종로7길 43	1269826639	375717166
덕후선생 광화문디타워점	중식>중식당	서울특별시 종로구 종로3길 17 D타워 4층	1269789694	375710184
동해도 광화문점	음식점>일식>일식당	서울특별시 중구 무교로 28 시그너스빌딩 지하1층	1269794820	375684296
이치규 광화문점	음식점>일식>일식당	서울특별시 종로구 종로 19 르메이에르종로타운 지하1층 B123호	1269798606	375708344
오레노 야끼 종로점	음식점>일식>일식당	서울특별시 종로구 우정국로 45-27 1층	1269813635	375730606
일품 광화문점	음식점>일식>일식당	서울특별시 종로구 종로 19 지하2층 223호	1269798606	375708344
익선취향	음식점>양식	서울특별시 종로구 수표로28길 17-32 1층	1269895934	375735970
노우즈종로 풍경점	음식점>양식	서울특별시 종로구 우정국로2길 8 3층	1269834746	375694491
오늘그대와 익선	이탈리아음식>스파게티,파스타전문	서울특별시 종로구 수표로28길 21-11 1층	1269897142	375733855
현선이네 청계즉석점	분식>떡볶이	서울특별시 중구 남대문로 112 1층	1269830312	375671291
남도분식 익선점	음식점>분식	서울특별시 종로구 수표로28길 33	1269901014	375731697
라밥 종각점	분식>종합분식	서울특별시 종로구 종로 69 1층 108호	1269852668	375704145
개성만두 궁	분식>만두	서울특별시 종로구 인사동10길 11-3	1269853889	375742917
식물원김밥 광화문점	분식>김밥	서울특별시 종로구 종로 19 1층 123-1호	1269798606	375708344
대련집	한식>칼국수,만두	서울특별시 종로구 종로16길 37	1269889029	375683895
종가만두	한식>칼국수,만두	서울특별시 종로구 수표로 88 1층	1269896787	375689062
손정보쌈 종로점	한식>족발,보쌈	서울특별시 종로구 삼일대로15길 24 1층	1269861610	375688950
삼봉도담	한식>칼국수,만두	서울특별시 종로구 우정국로 45-5 1층	1269825289	375729806
타마린드 디타워점	음식점>베트남음식	서울특별시 종로구 종로3길 17 광화문 D타워 5층	1269789694	375710184
깐깐 스타필드애비뉴 그랑서울점	음식점>베트남음식	서울특별시 종로구 종로 33 지하1층	1269814392	375709600
반쿤콴	음식점>태국음식	서울특별시 종로구 종로10길 20 3층	1269843204	375691837
호앙비엣 종각역점	음식점>베트남음식	서울특별시 종로구 우정국로 43 1층	1269828093	375728773
포브라더스 종로점	음식점>베트남음식	서울특별시 종로구 종로 51 종로타워 지하2층 210호	1269836223	375707628
파작 청계천	양식>샌드위치	서울특별시 종로구 청계천로 57 1층	1269840599	375689410
신선식탁 광화문G타워점	도시락,컵밥>다이어트,샐러드	서울특별시 종로구 삼봉로 71 1층	1269810076	375727137
크리스피프레시 광화문점	도시락,컵밥>다이어트,샐러드	서울특별시 중구 청계천로 24 케이스퀘어시티 1층	1269803445	375686380
삼삼 뚝배기	음식점>한식	서울특별시 종로구 동숭길 51	1270042733	375805183
다발김치찌개 대학로점	한식>찌개,전골	서울특별시 종로구 성균관로 8	1269983282	375836525
명륜동식당	한식>육류,고기요리	서울특별시 종로구 대학로 127-8	1270012173	375826271
성대한 김밥	분식>김밥	서울특별시 종로구 성균관로 6-5	1269985187	375837581
세컨드키친	음식점>한식	서울특별시 종로구 대학로5가길 19	1270013225	375787878
고은정 대학로본점	음식점>한식	서울특별시 종로구 창경궁로 240-7	1269989806	375824691
순대실록 대학로본점	한식>순대,순댓국	서울특별시 종로구 동숭길 113	1270036997	375829946
육전국밥 대학로점	음식점>한식>국밥	서울특별시 종로구 동숭길 117	1270035713	375831723
콩나물장수	음식점>한식	서울특별시 종로구 동숭길 94	1270043191	375824771
가마솥순대국밥 대학로점	한식>순대,순댓국	서울특별시 종로구 대학로 123	1270016697	375821370
해피니스 대학로점	중식>중식당	서울특별시 종로구 대학로11길 40	1269996673	375824470
갸우뚱	중식>중식당	서울특별시 종로구 대학로9길 25	1270004372	375816140
구룡관 혜화본점	중식>중식당	서울특별시 종로구 창경궁로 258-5	1270004672	375840543
계향각	중식>중식당	서울특별시 종로구 동숭길 86	1270042485	375820757
만리성	중식>중식당	서울특별시 종로구 대학로12길 61	1270039661	375814788
메종 아카이 혜화본점	음식점>일식>돈가스	서울특별시 종로구 대명길 34	1269996686	375832223
쿄코코 대학로점	음식점>일식>일식당	서울특별시 종로구 대학로11길 38-23	1270004455	375825887
죠죠 대학로점	음식점>일식>일식당	서울특별시 종로구 대명1길 16-11	1270001562	375828674
해화개반	음식점>일식>일식당	서울특별시 종로구 대학로10길 24	1270035248	375815544
파스타마켓 혜화 본점	이탈리아음식>스파게티,파스타전문	서울특별시 종로구 대학로11길 9-5	1270012480	375820794
서양집 혜화대학로본점	이탈리아음식>스파게티,파스타전문	서울특별시 종로구 대학로9길 23-2	1270004708	375815013
디마떼오	음식점>양식	서울특별시 종로구 동숭길 29	1270039695	375799156
노말키친 혜화	이탈리아음식>스파게티,파스타전문	서울특별시 종로구 성균관로6길 26	1269975211	375855735
봉심식당 대학로본점	음식점>양식	서울특별시 종로구 대학로11길 38-10	1270002220	375824060
나누미떡볶이 성대본점	분식>떡볶이	서울특별시 종로구 성균관로 9-1	1269979068	375837668
코야코	분식>떡볶이	서울특별시 종로구 동숭길 68	1270042899	375812929
혜화돌쇠아저씨	분식>종합분식	서울특별시 종로구 대학로 129-8	1270013415	375828219
둘리네분식	분식>종합분식	서울특별시 종로구 창경궁로34길 15	1270011471	375843779
두끼 대학로점	음식점>분식	서울특별시 종로구 대학로10길 5	1270025975	375818620
뎁짜이 대학로점	음식점>베트남음식	서울특별시 종로구 대학로11길 41-4	1269992354	375823969
아로포 쌀국수	음식점>베트남음식	서울특별시 종로구 대학로11길 46	1269994586	375826021
포보 성균관대점	한식>국수	서울특별시 종로구 성균관로 4	1269985965	375833382
하이콴 대학로점	음식점>베트남음식	서울특별시 종로구 대학로8가길 80	1270033459	375824849
아로이 테이블	음식점>아시아음식	서울특별시 종로구 성균관로3길 11	1269975107	375834570
남파랑국밥 북창점	한식>국밥	서울특별시 중구 세종대로16길 23	1269782549	375633639
전주풍남회관	음식점>한식	서울특별시 중구 세종대로21길 48	1269759995	375685854
우성식당	음식점>한식	서울특별시 중구 남대문로1길 26-40	1269784743	375623352
한솔식당	음식점>한식	서울특별시 종로구 청계천로 35 관정빌딩 지하 1층	1269813282	375692701
광화문국밥	음식점>한식	서울특별시 중구 세종대로21길 53	1269754124	375689749
농민백암순대 시청직영점	한식>순대,순댓국	서울특별시 중구 남대문로1길 33	1269772550	375626099
금성관 나주곰탕	한식>곰탕,설렁탕	서울특별시 중구 남대문로 29	1269789044	375613997
온점 을지로점	한식>육류,고기요리	서울특별시 중구 을지로 29	1269810422	375664910
청송옥	한식>국밥	서울특별시 중구 서소문로11길 14	1269730425	375634668
무탄 광화문점	중식>중식당	서울특별시 종로구 새문안로 68	1269721401	375696647
후후관	중식>중식당	서울특별시 중구 서소문로11길 2	1269731305	375630265
태양 시청점	중식>중식당	서울특별시 중구 세종대로 72-1	1269767160	375625630
원흥	중식>중식당	서울특별시 중구 다동길 46	1269816244	375678829
멘츠루 시청점	음식점>일식>일본식라면	서울특별시 중구 서소문로11길 2 1층 1호	1269731249	375629944
타와	음식점>일식>일식당	서울특별시 중구 서소문로 115	1269736520	375634157
배 수사	음식점>일식>일식당	서울특별시 중구 남대문로9길 12	1269817000	375668280
디라이프스타일키친 광화문점	음식점>양식	서울특별시 중구 세종대로 136	1269782701	375684246
오드하우스	음식점>양식	서울특별시 중구 정동길 33	1269721868	375662530
바리에가타 명동	음식점>이탈리아음식	서울특별시 중구 남대문로 55	1269810557	375624933
라칸티나	음식점>이탈리아음식	서울특별시 중구 을지로 19	1269800349	375662396
파스타 타타	음식점>양식	서울특별시 중구 남대문로9길 6	1269819673	375669492
청담동 마녀김밥 광화문점	분식>김밥	서울특별시 종로구 새문안로 105	1269762542	375704544
남대문달님즉석떡볶이 서울역본점	분식>떡볶이	서울특별시 중구 칠패로 27	1269721500	375600347
허니떡볶이	분식>떡볶이	서울특별시 종로구 새문안로 103-1	1269762132	375705250
유림면	한식>국수	서울특별시 중구 서소문로 139-1	1269760935	375642371
장인라면 서울시청점	분식>종합분식	서울특별시 중구 무교로 14	1269793501	375671784
띤띤 SFC	음식점>베트남음식	서울특별시 중구 세종대로 136 SFCMALL B2	1269782820	375684612
벳남미식 시청직영점	음식점>베트남음식	서울특별시 중구 서소문로 115 지하1층 103-2호	1269736520	375634157
쎈플러스	음식점>베트남음식	서울특별시 중구 남대문로5길 3	1269788812	375615766
포언 시청점	음식점>베트남음식	서울특별시 중구 남대문로9길 40	1269803692	375670959
벳남미식 종로직영점	음식점>베트남음식	서울특별시 종로구 종로 14	1269788787	375698162
1992덮밥&짜글이 명동1호점	음식점>한식	서울특별시 중구 명동10길 17-1	1269855388	375629893
오우가	한식>쌈밥	서울특별시 중구 명동8가길 37	1269871279	375618831
조박사등갈비	음식점>한식	서울특별시 중구 퇴계로16길 8	1269844710	375603800
서울복집	해물,생선요리>복어요리	서울특별시 중구 명동길 25-6	1269838221	375640004
순남시래기 명동점	한식>백반,가정식	서울특별시 중구 명동10길 35-20	1269857736	375629360
백옥 명동	한식>곰탕,설렁탕	서울특별시 중구 명동8길 8-23	1269839841	375628872
미성옥	한식>곰탕,설렁탕	서울특별시 중구 명동길 25-11	1269839596	375641835
익선동목장 명동점	한식>육류,고기요리	서울특별시 중구 명동4길 46	1269839541	375617310
하동관 명동본점	한식>곰탕,설렁탕	서울특별시 중구 명동9길 12	1269849722	375644272
육전당	음식점>한식	서울특별시 중구 명동8나길 37	1269829414	375611827
개화 명동점	중식>중식당	서울특별시 중구 남대문로 52-5	1269818503	375620819
꽁시면관 본점	중식>중식당	서울특별시 중구 명동2길 45	1269832230	375613839
일품향	중식>중식당	서울특별시 중구 남대문로 52-13	1269821940	375621200
란주칼면	중식>중식당	서울특별시 중구 소공로 64	1269821083	375609724
향미 명동점	중식>중식당	서울특별시 중구 남대문로 52-5 1층	1269817781	375620830
쯔루하시 후게츠 명동점	음식점>일식>일식당	서울특별시 중구 명동8길 21-5	1269850447	375628500
우와 명동점	음식점>일식>일식당	서울특별시 중구 명동10길 35-20 1층	1269858175	375629437
명동돈가스	음식점>일식>돈가스	서울특별시 중구 명동3길 8	1269835560	375640263
아키나이 제면	음식점>일식>우동,소바	서울특별시 중구 명동2길 8	1269823740	375629248
세븐티포 명동성당본점	음식점>양식	서울특별시 중구 명동길 66	1269861464	375639182
명동피자 명동본점	양식>피자	서울특별시 중구 명동10길 41	1269858727	375620569
비꼴로	음식점>이탈리아음식	서울특별시 중구 명동6길 8	1269841674	375629757
마노디셰프 명동점	음식점>이탈리아음식	서울특별시 중구 명동길 26	1269837519	375634602
명화당 명동1호점	분식>종합분식	서울특별시 중구 명동4길 30	1269837950	375623945
병아리김밥 명동점	분식>김밥	서울특별시 중구 명동10길 19-3	1269855893	375629999
신세계떡볶이	분식>떡볶이	서울특별시 중구 명동9길 10	1269850160	375642992
영차떡볶이 명동점	분식>종합분식	서울특별시 중구 명동4길 12	1269835740	375631401
명동충무김밥	음식점>분식	서울특별시 중구 명동10길 16	1269851971	375631379
리틀하노이	음식점>베트남음식	서울특별시 중구 명동8길 21-5 3층	1269850703	375628462
타이24	음식점>태국음식	서울특별시 중구 명동9길 33	1269840783	375652433
헤이준쌀국수 스테이트타워 명동점	음식점>베트남음식	서울특별시 중구 퇴계로 100	1269829284	375602055
오다리집	음식점>한식	서울특별시 중구 명동8나길 28	1269834725	375614316
퍼녀쌀국수 명동점	음식점>베트남음식	서울특별시 중구 삼일대로 343	1269870758	375651208
유정식당	한식>해물,생선요리	서울특별시 중구 마장로1길 28-5	1270126344	375693341
참맛고깃집	한식>육류,고기요리	서울특별시 중구 퇴계로56길 35	1270060990	375622509
맹산식당	음식점>한식	서울특별시 중구 동호로30길 37	1270050099	375611770
전주집	한식>생선구이	서울특별시 종로구 종로40가길 5	1270063610	375702900
송정식당	음식점>한식	서울특별시 종로구 종로40가길 13	1270058750	375702732
육즙관리소 더룸 을지로	한식>육류,고기요리	서울특별시 중구 을지로43길 7	1270068063	375666473
대화정 진짜해장국	음식점>한식	서울특별시 중구 장충단로 249-20	1270077650	375675412
서울곰탕	한식>곰탕,설렁탕	서울특별시 중구 장충단로7길 28	1270049231	375625851
바람난수제비	음식점>한식	서울특별시 중구 을지로45길 46	1270125443	375665816
이남장 현대아울렛 동대문점	한식>곰탕,설렁탕	서울특별시 중구 장충단로13길 20	1270078667	375687211
무궁화반점 던던동대문점	중식>중식당	서울특별시 중구 을지로 264	1270070531	375657367
백쥬	중식>중식당	서울특별시 중구 장충단로6길 5	1270068557	375616744
덕화장	중식>중식당	서울특별시 중구 동호로24길 41	1270054189	375610196
차이난 짬뽕	중식>중식당	서울특별시 중구 을지로 281 DDP B2층	1270099323	375675466
동대문 일품손짜장	중식>중식당	서울특별시 종로구 종로46길 29	1270103421	375703838
모모야 동대문 DDP점	음식점>일식>돈가스	서울특별시 중구 을지로 281 DDP 지하2층 모모야	1270098129	375675604
니카이	음식점>일식>일식당	서울특별시 중구 을지로 219	1270025647	375670875
키노이에	음식점>일식>일식당	서울특별시 중구 동호로 325	1270021898	375635296
스시 소우카이	음식점>일식>일식당	서울특별시 중구 동호로35길 5	1270019924	375662037
청도미나리식당 동대문점	음식점>일식>샤브샤브	서울특별시 중구 을지로43길 7 지하1층	1270068049	375667070
아스론가	음식점>양식	서울특별시 중구 동호로34길 18	1270034338	375651214
콘드에뻬뻬	음식점>양식	서울특별시 중구 장충단로8길 21	1270075120	375621938
호관	음식점>양식	서울특별시 중구 퇴계로58길 5	1270065392	375636638
앨리키친	음식점>양식	서울특별시 중구 퇴계로 304-14	1270055068	375635202
진아네 떡볶이	분식>떡볶이	서울특별시 중구 퇴계로56길 52	1270055004	375615801
김가네 동대문디자인플라자점	음식점>분식	서울특별시 중구 을지로 281 DDP마켓 D6호	1270097353	375668269
뽁 현대아울렛 동대문점	분식>김밥	서울특별시 중구 장충단로13길 20 지하2층 뽁	1270075057	375688778
자매분식	분식>종합분식	서울특별시 중구 을지로36길 23	1270017035	375655379
남이분식	분식>종합분식	서울특별시 종로구 종로40가길 3	1270065350	375701990
퍼퓰러	음식점>베트남음식	서울특별시 중구 을지로44길 2	1270066021	375659765
베트남노상식당 DDP점	음식점>베트남음식	서울특별시 중구 을지로 281 DDP 디자인장터	1270099323	375675466
콩365	음식점>베트남음식	서울특별시 중구 동호로24길 27-7	1270050032	375604802
까몬 현대시티아울렛 동대문점	음식점>베트남음식	서울특별시 중구 장충단로13길 20 지하2층 까몬	1270076266	375683695
포메인RED 두타몰직영점	음식점>베트남음식	서울특별시 중구 장충단로 275	1270090477	375684798
섬집	음식점>한식	서울특별시 용산구 한강대로14길 8	1269646880	375249351
곰배령이야기	음식점>한식	서울특별시 용산구 새창로 131-6	1269617389	375358472
백경식당	음식점>한식	서울특별시 용산구 한강대로54길 20	1269726625	375325000
3가식당	한식>백반,가정식	서울특별시 용산구 한강대로 31	1269627479	375242040
더진국 수육국밥 용산센트럴파크점	한식>국밥	서울특별시 용산구 서빙고로 17 센트럴파크 1025호	1269669809	375264174
백랑	한식>국밥	서울특별시 용산구 한강대로15길 23	1269632032	375260741
말방국밥 용산본점	한식>국밥	서울특별시 용산구 한강대로52길 42	1269732085	375312089
백옥 용산	음식점>한식	서울특별시 용산구 한강대로10길 11-76	1269649523	375246848
서용관	음식점>한식	서울특별시 용산구 한강대로 69 상가동 114호	1269653389	375276250
두원 용산점	한식>국밥	서울특별시 용산구 원효로48길 11-3	1269609898	375345168
중화객잔 수	중식>중식당	서울특별시 용산구 한강대로48길 17-6	1269718653	375315933
꺼거	중식>중식당	서울특별시 용산구 한강대로48길 10	1269711258	375315556
신류 용산점	중식>중식당	서울특별시 용산구 한강대로 100 지하 1층 신류	1269686934	375287428
웨이 티하우스 앤 레스토랑	중식>중식당	서울특별시 용산구 한강대로21길 25	1269637972	375270551
죠죠 용산점	음식점>일식>일식당	서울특별시 용산구 한강대로 135	1269698608	375316047
진작다이닝 용산점	음식점>일식>일식당	서울특별시 용산구 한강대로 100 B1층 진작다이닝	1269683292	375289810
산동	음식점>일식>일식당	서울특별시 용산구 한강대로39길 5	1269685794	375305396
스시노바	음식점>일식>일식당	서울특별시 용산구 한강대로 37	1269629415	375248303
쌤쌤쌤 용산점	음식점>양식	서울특별시 용산구 한강대로50길 25	1269721518	375315655
느루 용산점	음식점>양식	서울특별시 용산구 한강대로 126-2	1269696671	375306860
판코네	음식점>양식	서울특별시 용산구 한강대로40가길 7	1269711145	375304171
이태리이층집 용리단길점	음식점>이탈리아음식	서울특별시 용산구 한강대로48길 15	1269714533	375316124
오르노 신용산점	음식점>양식	서울특별시 용산구 한강대로7길 23	1269618091	375245422
현선이네 용산본점	분식>떡볶이	서울특별시 용산구 한강대로39길 2-13	1269692251	375311551
남도분식 용산아이파크몰점	음식점>분식	서울특별시 용산구 한강대로23길 55 리빙파크 7층 남도분식	1269656884	375295502
뚝배기라면	분식>종합분식	서울특별시 용산구 한강대로 52	1269646193	375254102
식물원김밥 용산점	분식>김밥	서울특별시 용산구 서빙고로 17 몰동 1021호	1269670461	375266825
서하네김밥	분식>김밥	서울특별시 용산구 한강대로 139-1	1269701921	375319489
효뜨	음식점>베트남음식	서울특별시 용산구 한강대로38길 35	1269701454	375287384
쏭타이치앙마이 신용산본점	음식점>태국음식	서울특별시 용산구 한강대로40길 39-5	1269716020	375303650
하이타이 신용산	음식점>태국음식	서울특별시 용산구 한강대로7길 18-5	1269620143	375247999
퍼부어 용산 아이파크몰점	음식점>베트남음식	서울특별시 용산구 한강대로23길 55 리빙파크 7층 퍼부어	1269647415	375297718
콘타이 용산아이파크몰점	음식점>태국음식	서울특별시 용산구 한강대로23길 55 리빙파크 7층 콘타이	1269647415	375297718
곽경찬의 시골밥상	한식>한정식	서울특별시 용산구 이태원로 235	1269994535	375361321
나리의 집	한식>돼지고기구이	서울특별시 용산구 이태원로 245	1270001290	375370050
문선	음식점>한식	서울특별시 용산구 이태원로 143-7	1269895368	375345213
이태원 대흥정육식당	육류,고기요리>정육식당	서울특별시 용산구 보광로60길 15	1269950481	375340624
이태원식당	음식점>한식	서울특별시 용산구 우사단로2길 7	1269972572	375307634
진선소고기국밥 이태원직영점	한식>해장국	서울특별시 용산구 이태원로 174	1269933305	375342614
사와참숯화로	한식>육류,고기요리	서울특별시 용산구 이태원로 199	1269962352	375348180
육전국밥 이태원역점	음식점>한식>국밥	서울특별시 용산구 보광로 123	1269940285	375337036
이여곰탕 이태원점	음식점>한식>곰탕,설렁탕	서울특별시 용산구 보광로59길 37	1269919317	375338416
보광리광장	음식점>한식	서울특별시 용산구 보광로60길 22	1269954989	375339504
벽돌해피푸드 한남점	중식>중식당	서울특별시 용산구 이태원로 238	1270000463	375359556
구오 한남점	중식>중식당	서울특별시 용산구 이태원로54길 58-28	1270004917	375357964
신대짬뽕 이태원본점	중식>중식당	서울특별시 용산구 보광로 124	1269942873	375338477
쟈니덤플링 본관	중식>딤섬,중식만두	서울특별시 용산구 보광로59길 33	1269921256	375338232
태원양꼬치	중식>양꼬치	서울특별시 용산구 이태원로27가길 54-3	1269920698	375350516
테비	음식점>일식>일식당	서울특별시 용산구 이태원로 208 2층 1호	1269970403	375345416
오카구라 라멘	음식점>일식>일본식라면	서울특별시 용산구 이태원로14길 26	1269908598	375332010
스시사와	음식점>일식>일식당	서울특별시 용산구 이태원로55가길 18	1270001811	375376328
이태리국시 한남	음식점>양식	서울특별시 용산구 이태원로 234	1269995794	375356959
아노브 이태원	음식점>피자	서울특별시 용산구 이태원로20가길 7-5	1269924162	375337539
피자브루클린 이태원	음식점>양식	서울특별시 용산구 녹사평대로26길 91-1	1269945914	375315791
단골집	음식점>퓨전음식	서울특별시 용산구 보광로59길 14-1	1269932437	375340618
월간식당 한남	음식점>양식	서울특별시 용산구 이태원로54길 58-12	1270006513	375360564
바바라스키친	분식>떡볶이	서울특별시 용산구 대사관로5길 17	1270005577	375350206
멜시보끔 이태원점	분식>떡볶이	서울특별시 용산구 이태원로20가길 11	1269928363	375335932
오토김밥 본점	음식점>분식	서울특별시 용산구 녹사평대로26길 93	1269946679	375315837
라밥 이태원점	분식>종합분식	서울특별시 용산구 이태원로 208	1269971602	375345565
동대문엽기떡볶이 이태원점	음식점>분식	서울특별시 용산구 이태원로20길 4	1269920287	375340354
플러스84 이태원점	음식점>베트남음식	서울특별시 용산구 보광로59길 56	1269909224	375338848
꾸잉	음식점>베트남음식	서울특별시 용산구 이태원로 189	1269950469	375347947
베트남돼지	음식점>베트남음식	서울특별시 용산구 이태원로20길 21	1269923565	375334171
에머이 이태원점	음식점>베트남음식	서울특별시 용산구 이태원로 180	1269941463	375342176
벱 한남점	음식점>베트남음식	서울특별시 용산구 이태원로54가길 23	1270014703	375367010
행복한식당	음식점>한식	서울특별시 성동구 아차산로9길 30	1270591309	375466447
무구옥 성수점	한식>닭요리	서울특별시 성동구 아차산로11길 11	1270594392	375448408
글로리칼국수 성수점	한식>칼국수,만두	서울특별시 성동구 아차산로7길 11-1	1270544555	375463345
남다른본가닭한마리 성수점	한식>닭요리	서울특별시 성동구 연무장7길 12	1270548632	375437365
풍년식당	음식점>한식	서울특별시 성동구 성수이로 126	1270577614	375460459
돼지공탕 하우 성수본점	한식>국밥	서울특별시 성동구 아차산로7길 36	1270556892	375484350
돈골약방 성수점	한식>곰탕,설렁탕	서울특별시 성동구 성수일로8길 28	1270536298	375458864
안목 성수	한식>국밥	서울특별시 성동구 뚝섬로13길 34	1270579066	375412091
능동미나리 성수지점	음식점>한식	서울특별시 성동구 연무장길 42	1270539622	375427551
뼈탄집 성수역점	음식점>한식	서울특별시 성동구 아차산로13길 2	1270606152	375434202
전자방	중식>중식당	서울특별시 성동구 성수일로12길 23	1270537362	375482678
성수차이나	중식>중식당	서울특별시 성동구 아차산로7길 20	1270549392	375468403
골든센트리	중식>중식당	서울특별시 성동구 연무장9길 8-1 2층	1270560610	375428864
희희 더블해피니스 성수	중식>중식당	서울특별시 성동구 연무장길 39-25	1270539407	375434823
달구벌반점	중식>중식당	서울특별시 성동구 아차산로13길 37	1270619385	375466175
규엔당 성수본점	음식점>일식>일식당	서울특별시 성동구 연무장7가길 10	1270552985	375428877
미키스시	음식점>일식>초밥,롤	서울특별시 성동구 연무장9길 8-1 1층	1270561060	375429133
고로고로 성수	음식점>일식>일식당	서울특별시 성동구 아차산로13길 16	1270613559	375447859
마루마끼 성수	음식점>일식>일식당	서울특별시 성동구 연무장길 39	1270537274	375429977
도죠	음식점>일식>일식당	서울특별시 성동구 성수이로 126 도죠	1270578707	375462909
오밀 성수	음식점>양식	서울특별시 성동구 아차산로5길 37-1	1270543252	375487325
페레힐	음식점>스페인음식	서울특별시 성동구 연무장길 37-22	1270538354	375434611
성수까망	음식점>양식	서울특별시 성동구 연무장5가길 20	1270547891	375434150
스케줄 성수	음식점>양식	서울특별시 성동구 아차산로 104	1270554511	375444452
이짜	음식점>이탈리아음식	서울특별시 성동구 광나루로4가길 33	1270556105	375487410
오빠네옛날떡볶이 성수점	분식>종합분식	서울특별시 성동구 연무장7가길 9	1270555000	375430020
풀리김밥 성수점	분식>김밥	서울특별시 성동구 성수일로10길 26 112호	1270529522	375465864
강릉길감자 성수점	분식>종합분식	서울특별시 성동구 성수일로12길 44	1270553648	375470990
동대문엽기떡볶이 성수점	음식점>분식	서울특별시 성동구 연무장길 31-1	1270529161	375433180
해밀칼국수&김밥	분식>김밥	서울특별시 성동구 연무장5가길 25 110호	1270558073	375435493
화화돈 성수점	음식점>베트남음식	서울특별시 성동구 연무장7가길 3	1270548651	375432368
남짐릇	음식점>태국음식	서울특별시 성동구 연무장5가길 32	1270557818	375431138
포유 성수	음식점>베트남음식	서울특별시 성동구 연무장길 41-26	1270542854	375434226
카오	음식점>태국음식	서울특별시 성동구 연무장길 39-15	1270539046	375433406
소이나나	음식점>태국음식	서울특별시 성동구 성수이로22길 37	1270613915	375439142
만나식당	한식>백반,가정식	서울특별시 성동구 왕십리로21길 20	1270323846	375607236
더진국 수육국밥 한양대점	한식>국밥	서울특별시 성동구 마조로 7	1270405394	375586071
절기한상	음식점>한식	서울특별시 성동구 마조로5길 4-10	1270408586	375603889
한량석쇠 왕십리본점	음식점>한식	서울특별시 성동구 왕십리로22길 9-1	1270347164	375630407
장안생고기	한식>백반,가정식	서울특별시 성동구 왕십리로26길 11	1270327750	375642167
유태	한식>국밥	서울특별시 성동구 마조로9길 3	1270409836	375611318
재수돈감자탕 왕십리점	한식>감자탕	서울특별시 성동구 왕십리로21길 13	1270330658	375611976
육다정수제갈비 왕십리행당본점	한식>육류,고기요리	서울특별시 성동구 왕십리로21가길 3	1270331488	375610120
수제양정순대국 왕십리점	한식>순대,순댓국	서울특별시 성동구 왕십리로24길 15	1270341462	375638638
리송	중식>중식당	서울특별시 성동구 왕십리광장로 17 비트플렉스몰 RE-03호	1270384812	375614086
춘향미엔 왕십리점	중식>중식당	서울특별시 성동구 왕십리로21길 26	1270320356	375605097
매란방 왕십리본점	음식점>중식당	서울특별시 성동구 왕십리광장로 17 2층 역무1호	1270384279	375615131
금룡	중식>중식당	서울특별시 성동구 마조로 21	1270409566	375597750
동해루	중식>중식당	서울특별시 성동구 고산자로8길 26	1270366857	375581393
스시도쿠 왕십리본점	음식점>일식>초밥,롤	서울특별시 성동구 왕십리광장로 6	1270361635	375610130
스시도쿠 카미동 왕십리본점	음식점>일식>일식당	서울특별시 성동구 왕십리로 295 2층	1270357703	375604554
스시 히나타	음식점>일식>초밥,롤	서울특별시 성동구 무학로2길 16	1270317860	375639199
호갱 왕십리 본점	음식점>양식	서울특별시 성동구 왕십리로24길 18	1270343555	375640180
카이테이블	이탈리아음식>스파게티,파스타전문	서울특별시 성동구 왕십리광장로 17 엔터식스지하 1층	1270377013	375609994
전풍호텔 경양식당 본점	음식점>양식	서울특별시 성동구 무학봉28길 7	1270330220	375621735
베네토	음식점>피자	서울특별시 성동구 마조로3길 7-1	1270396216	375584691
핏제리아 달 포르노	음식점>피자	서울특별시 성동구 마조로9길 6-5	1270408356	375615498
악어떡볶이	분식>종합분식	서울특별시 성동구 마조로 33	1270410110	375607215
만나떡볶이	분식>떡볶이	서울특별시 성동구 왕십리로24길 27	1270343120	375648140
분식호랑 왕십리역점	분식>떡볶이	서울특별시 성동구 왕십리광장로 17 3층 SP-06호	1270384812	375614086
떡세스떡볶이 왕십리점	분식>떡볶이	서울특별시 성동구 왕십리로28길 28-1	1270320786	375661295
두끼 한양대점	음식점>분식	서울특별시 성동구 마조로 30	1270415017	375602955
왕십리사이공	음식점>베트남음식	서울특별시 성동구 고산자로12길 2	1270347555	375601869
포림	음식점>베트남음식	서울특별시 성동구 행당로17길 18	1270333270	375599720
Bun99 한양대점	음식점>베트남음식	서울특별시 성동구 마조로 20	1270411820	375595189
포메인 RED 왕십리점	음식점>베트남음식	서울특별시 성동구 왕십리광장로 17 3층	1270384812	375614086
반포식스 왕십리역사점	음식점>베트남음식	서울특별시 성동구 왕십리광장로 17 4층	1270384812	375614086
송림식당	한식>기사식당	서울특별시 광진구 자양번영로 79	1270764127	375366909
재희네식당	한식>백반,가정식	서울특별시 광진구 군자로 21	1270709940	375451441
화기애애 본점	한식>육류,고기요리	서울특별시 광진구 아차산로31길 16	1270696696	375418215
한식당	음식점>한식	서울특별시 광진구 동일로24길 29	1270668530	375436533
기름칠	한식>돼지고기구이	서울특별시 광진구 동일로24길 100	1270703814	375423323
연지민물매운탕칼국수	음식점>한식	서울특별시 광진구 자양번영로 56	1270762601	375344591
건대 장터국밥	한식>국밥	서울특별시 광진구 군자로3길 27	1270700134	375441957
엄마순대	한식>순대,순댓국	서울특별시 광진구 뚝섬로 472	1270628906	375366373
고흥순대국머리고기 본점	한식>순대,순댓국	서울특별시 광진구 아차산로34길 26	1270691805	375390491
보승회관 성수건대점	음식점>한식>국밥	서울특별시 광진구 동일로 170	1270670405	375471685
희가덕 손만두 건대점	중식>중식당	서울특별시 광진구 아차산로30길 18	1270674798	375400287
송화산시도삭면 2호점	중식>중식당	서울특별시 광진구 아차산로30길 39	1270670521	375388967
호파두부 건대본점	중식>중식당	서울특별시 광진구 아차산로 212	1270666780	375408205
티왕 룽쟝족발덮밥	중식>중식당	서울특별시 광진구 동일로18길 56	1270658317	375391105
시옌	중식>중식당	서울특별시 광진구 능동로 137-8	1270717203	375434065
코시 건대점	음식점>일식>우동,소바	서울특별시 광진구 아차산로 197	1270654995	375419061
선남sea	음식점>일식>일식당	서울특별시 광진구 자양번영로 62	1270764035	375349889
탄토탄토	음식점>이탈리아음식	서울특별시 광진구 아차산로33길 49	1270707414	375425095
드로잉레시피	음식점>양식	서울특별시 광진구 뚝섬로33길 45	1270701735	375369923
뉴웨이브서울 건대	음식점>양식	서울특별시 광진구 아차산로33길 28-10	1270707871	375417228
언더다이닝 건대본점	음식점>양식	서울특별시 광진구 동일로20길 64	1270670985	375403811
노룬산떡볶이	분식>종합분식	서울특별시 광진구 뚝섬로 477	1270631918	375368754
명동분식	분식>종합분식	서울특별시 광진구 자양로13나길 17	1270800290	375338957
아찌떡볶이	분식>떡볶이	서울특별시 광진구 아차산로29길 53	1270691970	375432377
크레파스분식	분식>종합분식	서울특별시 광진구 자양로28길 22	1270854290	375421490
아들내미분식 건대후문점	분식>종합분식	서울특별시 광진구 능동로16길 50	1270758525	375451545
남후아힌	음식점>태국음식	서울특별시 광진구 아차산로 272 스타시티쇼핑몰 지하1층	1270729962	375385583
사이공센스 건대본점	음식점>베트남음식	서울특별시 광진구 능동로13길 76	1270690105	375450402
베트남쌍둥이반세오	음식점>베트남음식	서울특별시 광진구 아차산로31길 54	1270704814	375432344
정면	한식>국수	서울특별시 광진구 능동로13길 88	1270687052	375454903
라라면옥	음식점>아시아음식	서울특별시 광진구 아차산로49길 28-2	1270844865	375380387
꽃게장집 간장게장 무한리필 청량리본점	한식>게요리	서울특별시 동대문구 약령시로 104-1	1270416317	375829073
청량리 봄날식당	음식점>한식	서울특별시 동대문구 답십리로1길 10 더퍼스트힐스테이트 212호	1270438948	375783253
고창집	한식>백반,가정식	서울특별시 동대문구 왕산로43길 6	1270486938	375834120
충청도식당	한식>찌개,전골	서울특별시 동대문구 경동시장로12길 26	1270420524	375821296
경동식당	한식>백반,가정식	서울특별시 동대문구 고산자로42길 12	1270393715	375815912
제주미향해장 본점	한식>해장국	서울특별시 동대문구 경동시장로10길 46	1270432545	375812891
고향집	한식>순대,순댓국	서울특별시 동대문구 왕산로37길 7	1270439022	375803401
호감해장	한식>해장국	서울특별시 동대문구 홍릉로1길 17	1270438819	375807452
동원정24시	한식>국밥	서울특별시 동대문구 왕산로 215-1	1270464743	375813636
순대실록 청량리점	한식>순대,순댓국	서울특별시 동대문구 답십리로 27 롯데캐슬SKY-L65 107호	1270453225	375792332
신홍러우 롯데백화점 청량리점	중식>중식당	서울특별시 동대문구 왕산로 214 7층 신홍러우	1270480439	375810596
매란방 청량리역점	음식점>중식당	서울특별시 동대문구 왕산로 214 3층 305호	1270490958	375806585
홍릉각	중식>중식당	서울특별시 동대문구 약령시로 90	1270399870	375828930
우육팔칠	중식>중식당	서울특별시 동대문구 왕산로 239	1270483432	375830694
중국성	중식>중식당	서울특별시 동대문구 왕산로 225	1270471638	375820549
모리 롯데백화점 청량리점	음식점>일식>초밥,롤	서울특별시 동대문구 왕산로 214 7층 모리	1270481629	375811627
청량함박	음식점>일식>일식당	서울특별시 동대문구 홍릉로1가길 27	1270426610	375815673
봄담아 청량리점	음식점>일식>샤브샤브	서울특별시 동대문구 고산자로34길 70	1270421713	375780012
로운 샤브샤브 청량리점	음식점>일식>샤브샤브	서울특별시 동대문구 왕산로 214 지하 2층 로운	1270473272	375805317
다이닝원 청량리점	음식점>일식,초밥뷔페	서울특별시 동대문구 고산자로32길 78 2층 다이닝원	1270429121	375775105
독립밀방 청량리	음식점>양식	서울특별시 동대문구 왕산로 214 3층 308호	1270485255	375805062
암파스타레 롯데백화점 청량리점	음식점>양식	서울특별시 동대문구 왕산로 214 7층 암파스타레	1270482022	375810138
더몰트하우스 청량리역점	음식점>양식>이탈리아음식	서울특별시 동대문구 고산자로32길 78 2층 209호	1270438069	375774787
전현필식당	이탈리아음식>스파게티,파스타전문	서울특별시 동대문구 서울시립대로 82	1270494378	375780976
짱구네 야끼만두	분식>종합분식	서울특별시 동대문구 경동시장로10길 45	1270431942	375813843
키작은아저씨떡뽀끼	분식>종합분식	서울특별시 동대문구 왕산로35길 21	1270429239	375806759
왕엄마김밥	분식>김밥	서울특별시 동대문구 경동시장로8길 47	1270433432	375811662
기태만두	분식>종합분식	서울특별시 동대문구 경동시장로10길 44	1270431488	375812845
정김밥	분식>김밥	서울특별시 동대문구 왕산로 186	1270441715	375792550
남후아힌 청량리직영점	음식점>태국음식	서울특별시 동대문구 답십리로 27 나동 101호	1270453793	375794114
콘타이 아트포레스트 청량리점	음식점>아시아음식	서울특별시 동대문구 고산자로32길 78 판매시설동 216호	1270428171	375773994
반포식스 청량리역점	음식점>베트남음식	서울특별시 동대문구 왕산로 214 3층 305호 반포식스	1270486821	375800691
미분당 청량리점	음식점>베트남음식	서울특별시 동대문구 답십리로1길 10 힐스에비뉴동 102호	1270437553	375789412
미스하노이	음식점>베트남음식	서울특별시 동대문구 답십리로 27 나동 102호	1270456877	375793577
진미밥상	음식점>한식	서울특별시 중랑구 면목로91길 19	1270848534	375941618
육돈가	음식점>한식	서울특별시 중랑구 상봉중앙로5길 3	1270872293	376003167
무한집밥 서울상봉점	한식>백반,가정식	서울특별시 중랑구 망우로 316	1270875536	375963208
영은식당	음식점>한식	서울특별시 중랑구 동일로109길 14	1270791703	375921487
고향밥집 2호점	한식>백반,가정식	서울특별시 중랑구 망우로 316 113호	1270877203	375964971
이건희국밥 상봉점	한식>국밥	서울특별시 중랑구 망우로50길 25	1270893171	375959580
함평국밥	한식>국밥	서울특별시 중랑구 봉우재로33길 73	1270892363	375954638
먹거리집	음식점>한식	서울특별시 중랑구 면목로91길 8	1270854264	375945544
순대고집 상봉역점	한식>국밥	서울특별시 중랑구 면목로 490	1270859412	375957070
보승회관 상봉점	음식점>한식>국밥	서울특별시 중랑구 망우로 319	1270877903	375972473
중국성	중식>중식당	서울특별시 중랑구 망우로42길 7	1270829370	375951984
무궁화반점 상봉점	음식점>중식>중식당	서울특별시 중랑구 면목로 483	1270857059	375949844
메이 중랑점	중식>중식당	서울특별시 중랑구 봉우재로 71	1270810979	375917806
다홍먼	중식>중식당	서울특별시 중랑구 면목로 478	1270862014	375944341
소주관	중식>중식당	서울특별시 중랑구 봉우재로43길 4	1270904030	375938189
긴자료코 상봉점	음식점>일식>돈가스	서울특별시 중랑구 망우로 322 111호	1270883661	375965948
스시1988	음식점>일식>초밥,롤	서울특별시 중랑구 망우로 316 202호	1270875551	375965182
마카나이 상봉역점	음식점>일식>일식당	서울특별시 중랑구 망우로 322 119호	1270881725	375966698
피자빌리지 상봉본점	음식점>피자	서울특별시 중랑구 봉우재로43길 12	1270903137	375942178
콘크리트오븐 피자	음식점>피자	서울특별시 중랑구 면목로92라길 2	1270875328	375955850
아지오	음식점>이탈리아음식	서울특별시 중랑구 면목로90길 9	1270866663	375945658
어글리스토브 상봉점	양식>브런치	서울특별시 중랑구 상봉로 131	1270920501	375975215
동대문엽기떡볶이 상봉점	음식점>분식	서울특별시 중랑구 면목로 484	1270860322	375952235
전설의왕만두 상봉점	분식>만두	서울특별시 중랑구 망우로 322 116호	1270879220	375967444
싸다김밥 중화상봉역점	음식점>분식	서울특별시 중랑구 면목로 489	1270855203	375956319
떡볶이랑 튀맥	분식>떡볶이	서울특별시 중랑구 면목로 485	1270856698	375952164
김가네 상봉점	음식점>분식	서울특별시 중랑구 망우로 346	1270911920	375975097
포앤코	음식점>베트남음식	서울특별시 중랑구 면목로92가길 5	1270866786	375949043
포비엣터	음식점>베트남음식	서울특별시 중랑구 봉우재로 115	1270858029	375927221
포메인 상봉이노시티점	음식점>베트남음식	서울특별시 중랑구 망우로 353 c동 213호	1270915740	375984259
월미당 상봉점	음식점>베트남음식	서울특별시 중랑구 망우로 322 지하1층 106호	1270881726	375966698
콘타이 상봉점	음식점>태국음식	서울특별시 중랑구 망우로 353 114호	1270903644	375982973
팔백집	한식>돼지고기구이	서울특별시 성북구 보문로30길 46	1270198249	375894981
푸른농장 정육식당 본점	한식>육류,고기요리	서울특별시 성북구 보문로 181	1270150460	375900837
동적깡통구이 성신여대직영점	음식점>한식>육류,고기요리	서울특별시 성북구 고려대로7길 84-14	1270190594	375893690
제제집 성신여대본점	한식>백반,가정식	서울특별시 성북구 동소문로20다길 30-9	1270184985	375918233
닥터찬의 찌개백반	음식점>한식	서울특별시 성북구 동소문로25길 58	1270161001	375956459
최순옥진수성찬 성신여대점	음식점>한식	서울특별시 성북구 동소문로 98	1270164067	375922316
보승회관 성신여대역점	음식점>한식>국밥	서울특별시 성북구 동소문로20길 29	1270168773	375913355
넷길이콩나물국밥 성북구청점	음식점>한식	서울특별시 성북구 보문로 149-1	1270174892	375880631
제주삼대국수 성북구청점	음식점>한식>국수	서울특별시 성북구 보문로 159	1270167135	375887067
신의주찹쌀순대 본사직영5호점	한식>순대,순댓국	서울특별시 성북구 보문로34길 15	1270162412	375903294
공푸 성신여대본점	중식>중식당	서울특별시 성북구 삼선교로24길 29	1270161214	375888146
희객 2호점	중식>중식당	서울특별시 성북구 동소문로13가길 16	1270120734	375918982
가부 본점	중식>중식당	서울특별시 성북구 보문로 182	1270152196	375903487
짬뽕선수	중식>중식당	서울특별시 성북구 동소문로20가길 2 2층	1270167321	375921077
라라면가 성신여대 본점	중식>중식당	서울특별시 성북구 동소문로22길 57-25	1270196887	375909312
렌테이 성신여대점	음식점>일식>우동,소바	서울특별시 성북구 동소문로20나길 27	1270182090	375924865
동경산책 성신여대점	음식점>일식>일식당	서울특별시 성북구 보문로34길 45	1270179133	375908482
멘야하나비 성신여대점	음식점>일식>일본식라면	서울특별시 성북구 동소문로22길 39-5	1270185746	375914796
규카츠정 성신여대점	음식점>일식>일식당	서울특별시 성북구 동소문로20다길 31	1270184179	375921763
셰프전쟁 벤베누토	음식점>이탈리아음식	서울특별시 성북구 동소문로20나길 39	1270185737	375927443
메종 드 잠봉	음식점>양식	서울특별시 성북구 동소문로22길 57-16	1270193625	375907006
쵸이양식	음식점>양식	서울특별시 성북구 동소문로20나길 24	1270180044	375922837
이태리맨션	이탈리아음식>스파게티,파스타전문	서울특별시 성북구 동소문로26마길 2-4	1270212643	375938271
해너미	음식점>양식	서울특별시 성북구 동소문로22길 57-12	1270192563	375906955
미아리우동집 성신여대점	분식>종합분식	서울특별시 성북구 동소문로20가길 2 1층	1270167553	375921288
동심떡볶이 대왕수제튀김	분식>종합분식	서울특별시 성북구 동소문로20다길 2	1270168441	375915056
닭장수김밥 성신여대점	분식>김밥	서울특별시 성북구 동소문로22길 57-15	1270192199	375907813
오래 누드 김밥	분식>김밥	서울특별시 성북구 동소문로26길 20	1270200025	375938226
두끼 성신여대점	음식점>분식	서울특별시 성북구 보문로34길 59	1270186287	375910978
포썸	음식점>베트남음식	서울특별시 성북구 동소문로 125	1270182308	375941649
동방	음식점>베트남음식	서울특별시 성북구 보문로30라길 20	1270186932	375898409
퍼스트38	음식점>베트남음식	서울특별시 성북구 삼선교로24길 38	1270162742	375884752
서울방콕	음식점>태국음식	서울특별시 성북구 보문로32길 84	1270207917	375904156
미분당 성신여대점	음식점>베트남음식	서울특별시 성북구 보문로32길 40	1270184364	375900510
아미가	음식점>한식	서울특별시 성북구 북악산로29길 9	1270349306	375927754
제기한상맛집	음식점>한식	서울특별시 동대문구 고산자로56길 32-1	1270384709	375891071
서울식당	음식점>한식	서울특별시 동대문구 안암로 162	1270356392	375889636
식구	음식점>한식	서울특별시 성북구 종암로 56 아동 110호	1270364820	375948024
한우팔등심	한식>육류,고기요리	서울특별시 성북구 종암로 25	1270359201	375926199
오소리순대본점	한식>순대,순댓국	서울특별시 동대문구 회기로4길 16	1270371938	375905336
고대등갈비	한식>육류,고기요리	서울특별시 성북구 회기로 15-2	1270382522	375914293
신은정광주소머리국밥	한식>국밥	서울특별시 성북구 회기로 11	1270379540	375914278
더씨	중식>중식당	서울특별시 성북구 개운사길 8	1270294474	375866941
신 후퉁반점	중식>중식당	서울특별시 성북구 개운사길 4-4	1270296281	375865151
용초수	중식>중식당	서울특별시 성북구 고려대로27길 20	1270299284	375872401
언니네반점	중식>중식당	서울특별시 성북구 고려대로27길 6	1270300748	375866507
귀빈중화요리	중식>중식당	서울특별시 성북구 고려대로24길 31	1270295612	375847979
특별식당	음식점>일식>일식당	서울특별시 성북구 개운사길 22-6	1270296998	375873441
한술식당 고대안암점	음식점>일식>덮밥	서울특별시 성북구 고려대로24길 15	1270295284	375855632
소바의온도 고대점	음식점>일식>일식당	서울특별시 성북구 고려대로27길 17	1270297472	375871347
스시미소	음식점>일식>초밥,롤	서울특별시 성북구 고려대로28길 25	1270312317	375854313
무르무르드구스토	음식점>양식	서울특별시 성북구 고려대로 102-2	1270307665	375861092
매스플레이트안암본점	음식점>이탈리아음식	서울특별시 성북구 개운사길 18	1270294855	375871435
서울미트볼 고기장인	음식점>양식	서울특별시 성북구 고려대로27길 13	1270297785	375868501
mychef	이탈리아음식>스파게티,파스타전문	서울특별시 성북구 고려대로24가길 14-1	1270304041	375851729
고른햇살	분식>종합분식	서울특별시 성북구 개운사길 14	1270294687	375870154
강다짐 삼각김밥 고대점	음식점>분식	서울특별시 성북구 고려대로24길 23	1270295028	375851791
삼청당 고대안암점	음식점>분식	서울특별시 성북구 고려대로28길 31	1270313277	375851763
봉구스밥버거 고려대점	음식점>분식	서울특별시 성북구 고려대로 101	1270307086	375864780
남이네분식	음식점>한식	서울특별시 성북구 고려대로24가길 27	1270308750	375853083
포야포야	음식점>베트남음식	서울특별시 성북구 고려대로27길 19	1270296766	375872281
미분당 고대안암점	음식점>베트남음식	서울특별시 성북구 고려대로28길 13	1270308060	375857727
꽌부이	음식점>베트남음식	서울특별시 성북구 고려대로27길 28	1270298881	375876116
면식당 고대안암점	음식점>일식>일식당	서울특별시 성북구 고려대로24길 39	1270295869	375844207
연포생선구이전문점	한식>생선구이	서울특별시 강북구 덕릉로28길 65	1270249000	376317654
수유자매식당	음식점>한식	서울특별시 강북구 한천로139나길 18	1270247643	376396552
원조감자탕일미집 수유점	음식점>한식	서울특별시 강북구 도봉로 290 110호	1270237094	376340417
수유동 부대찌개	음식점>한식	서울특별시 강북구 한천로 1064-3	1270246585	376419173
행복한삼백	음식점>한식	서울특별시 강북구 한천로 1005	1270295033	376380417
돈소옥	한식>국밥	서울특별시 강북구 도봉로 352 112호	1270271109	376384659
진순대곰탕	한식>순대,순댓국	서울특별시 강북구 수유로 71	1270216030	376363454
서울깍쟁이순대국 수유점	한식>순대,순댓국	서울특별시 강북구 한천로 1024	1270280692	376393684
보승회관 수유점	음식점>한식>국밥	서울특별시 강북구 노해로8길 22 115호	1270241185	376381733
번동피순대 수유점	한식>순대,순댓국	서울특별시 강북구 한천로 1019 104호	1270281340	376389343
쎄쎄	중식>중식당	서울특별시 강북구 덕릉로 43	1270183156	376344420
보배반점 수유점	음식점>중식당	서울특별시 강북구 도봉로 315 R110호	1270234695	376370484
장강	중식>중식당	서울특별시 강북구 수유로 62-1	1270205600	376357950
자금성 & 자금객잔 수유본점	중식>중식당	서울특별시 강북구 도봉로98길 33	1270315965	376412487
똘끼차이나	중식>중식당	서울특별시 강북구 도봉로97길 1	1270289791	376416503
카츠쇼쿠도우 수유점	음식점>일식>돈가스	서울특별시 강북구 도봉로 315 114호	1270237700	376371685
김도훈스시 초밥 수유점	음식점>일식>초밥,롤	서울특별시 강북구 노해로 42	1270229920	376391453
파스타브로 수유본점	이탈리아음식>스파게티,파스타전문	서울특별시 강북구 노해로 59	1270222747	376409133
쉐프쿠스토	음식점>이탈리아음식	서울특별시 강북구 한천로132길 22	1270291112	376398029
누밀	음식점>양식	서울특별시 강북구 한천로131길 21 2층	1270273061	376383517
타임파스타 앤 커피	이탈리아음식>스파게티,파스타전문	서울특별시 강북구 도봉로 387	1270289574	376415059
블루밍	음식점>양식	서울특별시 도봉구 도봉로110다길 38	1270333242	376448369
가영이네 수유본점	분식>종합분식	서울특별시 강북구 오패산로 397	1270275701	376364827
못난이분식	분식>종합분식	서울특별시 강북구 한천로131길 21 1층	1270273157	376383885
행운꼬마김밥 수유재래시장점	분식>종합분식	서울특별시 강북구 도봉로71길 20 라-20	1270229177	376314435
인아네분식 수유재래시장점	분식>종합분식	서울특별시 강북구 도봉로67길 18 가-15	1270233201	376312790
빨간맛 떡볶이 수유미아점	분식>종합분식	서울특별시 강북구 솔매로45길 102	1270237814	376305140
굿모닝쌀국수	음식점>베트남음식	서울특별시 강북구 도봉로89길 1	1270261570	376388392
마낫포차나 수유점	음식점>태국음식	서울특별시 강북구 수유로 75	1270219912	376363682
포몬스 수유점	음식점>베트남음식	서울특별시 강북구 도봉로 290 2층	1270236401	376342427
용타이키친	음식점>아시아음식	서울특별시 강북구 한천로132길 57	1270299576	376412173
미분당 수유점	음식점>베트남음식	서울특별시 강북구 오패산로 410	1270266786	376373700
전골집	한식>백반,가정식	서울특별시 도봉구 해등로 125	1270405430	376548770
잇팅엄마밥상 이마트창동점	한식>백반,가정식	서울특별시 도봉구 노해로65길 4	1270470505	376517147
우리집밥	한식>백반,가정식	서울특별시 도봉구 도봉로135길 15	1270395383	376587537
정연식당	음식점>한식	서울특별시 도봉구 방학로3길 96	1270392433	376589114
삼화식당	한식>백반,가정식	서울특별시 도봉구 도봉로136길 7	1270416613	376593250
최순옥명품국밥 창동점	한식>국밥	서울특별시 도봉구 노해로 379 1층 최순옥명품국밥	1270503159	376524103
윤가평화설렁탕해장국	한식>곰탕,설렁탕	서울특별시 도봉구 노해로63가길 22	1270451893	376536822
칠갑산	음식점>한식	서울특별시 도봉구 노해로 379	1270502668	376524011
육전국밥 창동역점	음식점>한식>국밥	서울특별시 도봉구 마들로11길 51	1270504992	376536393
일품양평해장국 창동역점	한식>해장국	서울특별시 도봉구 노해로63길 84-8	1270467362	376525537
임사부중화요리몽콕 창동점	중식>중식당	서울특별시 도봉구 도봉로136가길 4	1270415107	376588514
한스친친 창동점	중식>중식당	서울특별시 도봉구 노해로 341	1270459347	376514553
창동짬뽕	중식>중식당	서울특별시 도봉구 노해로63길 84 2층	1270465943	376527816
금문중화요리	중식>중식당	서울특별시 도봉구 노해로63길 79	1270462666	376531267
차이나짬뽕	중식>중식당	서울특별시 도봉구 노해로67길 10	1270497755	376523053
마쯔무라돈까스 본점	음식점>일식>돈가스	서울특별시 도봉구 노해로63길 84 지하1층	1270466590	376527809
삿뽀로 창동점	음식점>일식>일식당	서울특별시 도봉구 도봉로 610	1270412333	376589236
쉐프마인드	음식점>일식>일식당	서울특별시 도봉구 마들로11가길 16	1270489942	376525686
샤브온당 창동점	음식점>일식>샤브샤브	서울특별시 도봉구 도봉로 586	1270400276	376568669
정담초밥 창동 직영점	음식점>일식>초밥,롤	서울특별시 도봉구 도봉로 588	1270400734	376571023
블랙베어	음식점>양식	서울특별시 도봉구 노해로63가길 31-11	1270444722	376543222
콩디망	음식점>양식	서울특별시 도봉구 해등로16길 52-36	1270435862	376547401
양촌리돈가스 본점	음식점>일식>돈가스	서울특별시 도봉구 마들로13길 61	1270497957	376544067
팡이네분식	분식>종합분식	서울특별시 도봉구 노해로63다길 25	1270461131	376540471
점순이하우스	분식>종합분식	서울특별시 도봉구 노해로63길 84-3	1270469032	376527003
털보네 떡꼬치	분식>종합분식	서울특별시 도봉구 노해로63다길 24	1270462961	376539858
짱구네떡볶이 창동점	분식>종합분식	서울특별시 도봉구 해등로16길 25	1270418523	376556773
싸다김밥 창동역점	음식점>분식	서울특별시 도봉구 노해로65길 10	1270465934	376517766
방콕스토리 창동점	음식점>태국음식	서울특별시 도봉구 노해로69길 26	1270509513	376536874
싸와디키친 창동본점	음식점>태국음식	서울특별시 도봉구 도봉로 590-1	1270402317	376573863
포유	음식점>베트남음식	서울특별시 도봉구 해등로16길 7	1270408196	376563411
미분당 창동점	음식점>베트남음식	서울특별시 도봉구 해등로 139 107호	1270403237	376558344
포메인 창동역점	음식점>베트남음식	서울특별시 도봉구 노해로65길 7-12	1270457381	376516697
털보고된이 본점	한식>해물,생선요리	서울특별시 노원구 노해로81길 22-22	1270637855	376559272
털보고된이 노원직영점	한식>해물,생선요리	서울특별시 노원구 상계로1길 38-11	1270617838	376578829
친정집	음식점>한식	서울특별시 노원구 상계로12길 42	1270696223	376562074
흥부골 숯불 돼지갈비	한식>육류,고기요리	서울특별시 노원구 노해로81길 22-17	1270637518	376560909
동적깡통구이 노원직영점	음식점>한식>육류,고기요리	서울특별시 노원구 상계로 92	1270651925	376565987
보승회관 노원역점	음식점>한식>국밥	서울특별시 노원구 상계로 75	1270633184	376565194
감희리	한식>국밥	서울특별시 노원구 상계로1길 62-47	1270618841	376589374
한티옥 롯데백화점 노원점	음식점>한식	서울특별시 노원구 동일로 1414 9층	1270611536	376548669
복드림전주복콩나물국밥	한식>국밥	서울특별시 노원구 노해로 521	1270660130	376557513
최순옥명품국밥 노원점	한식>국밥	서울특별시 노원구 상계로12길 48	1270697477	376561031
설화	중식>중식당	서울특별시 노원구 상계로5길 12 202-1호	1270645118	376567497
장천	중식>중식당	서울특별시 노원구 동일로217가길 11	1270599544	376534433
경화루	중식>중식당	서울특별시 노원구 동일로 1493	1270582366	376617715
금화반점	중식>중식당	서울특별시 노원구 동일로 1352	1270622460	376494360
준짬뽕	중식>중식당	서울특별시 노원구 상계로3길 38-2	1270627659	376579076
관동식당	음식점>일식>일식당	서울특별시 노원구 노해로85길 15-5	1270653136	376563377
항도일식	음식점>일식>일식당	서울특별시 노원구 노해로75길 14-22	1270587330	376545790
스시초심	음식점>일식>일식당	서울특별시 노원구 노해로85길 1	1270651055	376555709
스시호 노원역본점	음식점>일식>초밥,롤	서울특별시 노원구 상계로1길 54-4	1270616073	376582482
제임스키친	음식점>이탈리아음식	서울특별시 노원구 노해로81길 12-26	1270642272	376556124
파스타한끼 노원본점	이탈리아음식>스파게티,파스타전문	서울특별시 노원구 상계로5길 19	1270635998	376569760
슬로우시티파스타	이탈리아음식>스파게티,파스타전문	서울특별시 노원구 상계로5길 12 205호	1270642492	376568268
노원 구운	음식점>스테이크,립	서울특별시 노원구 상계로3길 38-8	1270629846	376580284
마이란	음식점>양식	서울특별시 노원구 노해로83길 20	1270643359	376561531
파라솔분식	분식>떡볶이	서울특별시 노원구 상계로1길 14-17	1270619318	376573553
권순옥김밥	분식>김밥	서울특별시 노원구 동일로 1354	1270621767	376495753
싸다김밥 노원역점	음식점>분식	서울특별시 노원구 상계로 55	1270611963	376560587
청년다방 노원역점	음식점>분식	서울특별시 노원구 상계로3길 16	1270624978	376570629
두끼 노원점	음식점>분식	서울특별시 노원구 상계로3길 15	1270622437	376568869
썸머타이	음식점>태국음식	서울특별시 노원구 노해로75길 14-25	1270587597	376548035
포찌엠	음식점>베트남음식	서울특별시 노원구 노해로75길 14-2	1270576243	376543036
수수타이	음식점>태국음식	서울특별시 노원구 동일로 1382	1270615740	376519768
포식 노원역점	음식점>베트남음식	서울특별시 노원구 상계로 64	1270621605	376558576
포메인 노원점	음식점>베트남음식	서울특별시 노원구 노해로77길 14-3	1270592521	376548632
꿀백 연신내점	한식>백반,가정식	서울특별시 은평구 통일로83길 9	1269189505	376209069
여수집	음식점>한식	서울특별시 은평구 연서로 247 연서시장 여수식당	1269221684	376197761
털보고된이 연신내직영점	한식>해물,생선요리	서울특별시 은평구 통일로83길 9-1	1269186875	376208571
태황정육식당	육류,고기요리>정육식당	서울특별시 은평구 통일로85길 6-14	1269191166	376226776
남도식당	한식>백반,가정식	서울특별시 은평구 연서로17길 40	1269132253	376138994
역말리순대국밥 연신내점	한식>국밥	서울특별시 은평구 연서로34길 2	1269264709	376212101
시골순대국	한식>순대,순댓국	서울특별시 은평구 통일로 929-5	1269194568	376258652
고향순대국밥	한식>순대,순댓국	서울특별시 은평구 통일로 843	1269213277	376184302
육전국밥 연신내역점	음식점>한식>국밥	서울특별시 은평구 연서로 216	1269201025	376178395
본설렁탕국밥 연신내점	한식>곰탕,설렁탕	서울특별시 은평구 연서로 183-4	1269176957	376152923
중화원	중식>중식당	서울특별시 은평구 연서로26길 9	1269205619	376170593
중국음식점	중식>중식당	서울특별시 은평구 통일로80길 10	1269218354	376199905
신라마라탕&훠궈무한리필 연신내점	중식>중식당	서울특별시 은평구 연서로29길 14-6	1269189816	376192810
신간짬뽕 연신내점	중식>중식당	서울특별시 은평구 통일로85길 7-1	1269189373	376218584
쭝마루 연신내본점	중식>중식당	서울특별시 은평구 연서로26길 8	1269204466	376169453
이치고이치에 연신내 본점	음식점>일식>일식당	서울특별시 은평구 연서로27길 26	1269170087	376185876
유라쿠	음식점>일식>초밥,롤	서울특별시 은평구 연서로 214	1269199514	376176845
카츠몬스터 연신내점	음식점>일식>돈가스	서울특별시 은평구 연서로28길 4-1	1269206124	376182030
마끼	음식점>일식>일식당	서울특별시 은평구 통일로 850	1269214450	376193203
멘야다이고미 연신내본점	음식점>일식>일본식라면	서울특별시 은평구 통일로 889	1269195427	376222768
솔트베어하우스	음식점>양식	서울특별시 은평구 갈현로36길 8	1269176036	376215403
아스론가 연신내점	음식점>양식	서울특별시 은평구 연서로29길 17-3	1269184536	376189968
H3 bistro	음식점>양식	서울특별시 은평구 연서로27길 13-1	1269179353	376180017
까볼로연신내점	음식점>이탈리아음식	서울특별시 은평구 연서로27길 16-14	1269182942	376186980
떡산	분식>떡볶이	서울특별시 은평구 연서로 247-1	1269224109	376195928
옥이네김밥	분식>종합분식	서울특별시 은평구 연서로 247	1269221684	376197761
갈현동떡볶이	분식>떡볶이	서울특별시 은평구 연서로29길 24	1269177280	376196089
청년다방 연신내점	음식점>분식	서울특별시 은평구 연서로27길 16	1269177450	376182489
동대문엽기떡볶이 연신내점	음식점>분식	서울특별시 은평구 연서로 221	1269198601	376184131
뜨억분짜 은평점	음식점>아시아음식	서울특별시 은평구 연서로29길 22-15	1269176935	376200222
포마이쌀국수	음식점>베트남음식	서울특별시 은평구 연서로29길 20-21	1269190397	376200388
미분당 연신내점	음식점>베트남음식	서울특별시 은평구 연서로 211-2	1269189301	376176024
뎁짜이 불광점	음식점>베트남음식	서울특별시 은평구 통일로67길 7	1269285204	376109117
타이반쩜 연신내점	음식점>태국음식	서울특별시 은평구 갈현로 311	1269169639	376247603
고삼이 신촌점	음식점>한식	서울특별시 서대문구 연세로7안길 38	1269347130	375583079
나주어반	한식>생선구이	서울특별시 서대문구 연세로2마길 29	1269420575	375583949
리정원 신촌점	한식>육류,고기요리	서울특별시 서대문구 명물길 59	1269392717	375591233
더진국 수육국밥 신촌점	한식>국밥	서울특별시 서대문구 연세로5가길 3	1269362165	375572534
아저씨네낙지찜	한식>낙지요리	서울특별시 서대문구 연세로5다길 39	1269334374	375568666
평안도식당 신촌점	한식>순대,순댓국	서울특별시 서대문구 연세로4길 12	1269377470	375570469
오천집 신촌점	한식>국밥	서울특별시 서대문구 신촌로 75	1269348323	375561154
보승회관 서울신촌점	음식점>한식>국밥	서울특별시 서대문구 연세로5길 26	1269355410	375565804
신의주찹쌀순대 신촌점	한식>순대,순댓국	서울특별시 서대문구 연세로4길 19	1269378344	375573574
한와담소반 현대백화점 신촌점	음식점>한식	서울특별시 서대문구 신촌로 83 현대백화점 한와담소반	1269360249	375561373
완차이	중식>중식당	서울특별시 서대문구 명물길 50-7	1269393929	375587237
댄싱홍콩 신촌점	중식>중식당	서울특별시 서대문구 연세로12길 37-4	1269391153	375592662
가화만사성	중식>중식당	서울특별시 서대문구 연세로5가길 1	1269361103	375570298
청화원	중식>중식당	서울특별시 서대문구 명물길 10	1269375150	375574695
대양장	중식>중식당	서울특별시 서대문구 연세로 23	1269367578	375577672
스시도쿠 현대백화점 신촌점	음식점>일식>일식당	서울특별시 서대문구 신촌로 83 신촌점 10층	1269356172	375559008
여우골초밥 신촌점	음식점>일식>일식당	서울특별시 서대문구 연세로5다길 10	1269349900	375564975
비쿠리야	음식점>일식>일식당	서울특별시 서대문구 연세로7안길 34-4	1269350375	375583006
타코몽	음식점>일식>일식당	서울특별시 서대문구 신촌로 49	1269320837	375570305
야바이	음식점>일식>일식당	서울특별시 서대문구 연세로7안길 37	1269346628	375581634
이석덕생면파스타 신촌점	음식점>이탈리아음식	서울특별시 서대문구 명물길 16	1269378075	375575919
신촌칼	음식점>양식	서울특별시 서대문구 연세로4길 42-3	1269390887	375578967
소뇨 레스토랑	음식점>양식	서울특별시 서대문구 명물길 32	1269384531	375581417
메가포크	음식점>양식	서울특별시 서대문구 명물길 49	1269389218	375589401
알티노	음식점>양식	서울특별시 서대문구 연세로5나길 33	1269343042	375570109
유자유김치떡볶이 신촌점	분식>떡볶이	서울특별시 서대문구 연세로11길 22	1269356093	375590089
닭장수김밥 서강대점	음식점>한식	서울특별시 마포구 백범로 19	1269374508	375529385
키친봄날	분식>김밥	서울특별시 서대문구 신촌로11길 62	1269344517	375589511
영미김밥	음식점>한식	서울특별시 서대문구 신촌역로 21	1269425818	375586428
이삭토스트 서울신촌점	분식>토스트	서울특별시 서대문구 연세로5길 32	1269354390	375564053
퐁타이 신촌본점	음식점>태국음식	서울특별시 마포구 백범로 8	1269367693	375538783
포가레 신촌점	음식점>베트남음식	서울특별시 서대문구 명물길 26	1269382733	375578868
방콕익스프레스 신촌본점	음식점>태국음식	서울특별시 서대문구 연세로2길 91	1269418841	375571725
옛날쌀국수 PHO XUA	음식점>베트남음식	서울특별시 서대문구 연세로4길 45	1269390020	375581427
미분당 신촌본점	음식점>베트남음식	서울특별시 서대문구 연세로5길 26-7	1269352400	375566877
문숙이미나리식당 홍대본점	한식>백반,가정식	서울특별시 마포구 잔다리로6길 34-5	1269211336	375520720
그녀의밥상	한식>백반,가정식	서울특별시 마포구 와우산로21길 36-4	1269219673	375525408
광계	음식점>한식	서울특별시 마포구 연희로1길 55	1269262210	375613167
봉림대패 홍대점	한식>육류,고기요리	서울특별시 마포구 양화로18안길 22	1269257702	375568517
향미	음식점>한식	서울특별시 마포구 홍익로 3-24	1269233480	375529150
3일한우국밥	한식>국밥	서울특별시 마포구 양화로 120	1269203619	375539514
돈수백 홍대직영점	한식>국밥	서울특별시 마포구 홍익로6길 74	1269252829	375568933
국보감 홍대본점	음식점>한식	서울특별시 마포구 와우산로21길 21	1269226474	375523140
푸주옥 홍대점	한식>곰탕,설렁탕	서울특별시 마포구 월드컵북로 35	1269184726	375575643
도온정 홍대직영점	한식>곰탕,설렁탕	서울특별시 마포구 동교로 183-12	1269213832	375574305
서담헌 홍대본점	중식>중식당	서울특별시 마포구 연희로1길 40-3	1269260202	375606598
왕소야 홍대점	중식>중식당	서울특별시 마포구 와우산로25길 13	1269258355	375539894
가원 연남점	중식>중식당	서울특별시 마포구 동교로 227-1	1269238173	375604509
동보성	중식>중식당	서울특별시 마포구 양화로19길 16	1269241239	375582520
진진	중식>중식당	서울특별시 마포구 월드컵북로1길 60	1269184790	375537804
카츠몬스터 연남본점	음식점>일식>돈가스	서울특별시 마포구 동교로38길 42-6	1269255679	375610304
테즈쿠리 홍대본점	음식점>일식>일식당	서울특별시 마포구 홍익로5안길 32 2층	1269211783	375534765
하카타나카	음식점>일식>일식당	서울특별시 마포구 와우산로23길 50	1269236732	375550450
우와 홍대본점	음식점>일식>일식당	서울특별시 마포구 와우산로21길 21-16	1269222234	375517143
서양면옥 연남	음식점>양식	서울특별시 마포구 연희로1길 43	1269257279	375609624
오밀 홍대	음식점>양식	서울특별시 마포구 양화로 178-8	1269254618	375574612
랑트 연남	음식점>양식	서울특별시 마포구 양화로19길 22-30	1269247157	375590003
느루 연남점	음식점>양식	서울특별시 마포구 동교로32길 3	1269245502	375608555
홍대IN파스타	음식점>양식	서울특별시 마포구 홍익로5안길 32 준빌라	1269211407	375534442
홍대조폭떡볶이 본점	분식>종합분식	서울특별시 마포구 와우산로29길 26	1269284793	375552696
닭장수김밥 홍대점	분식>김밥	서울특별시 마포구 월드컵북로4길 26	1269211790	375574404
홍대조폭떡볶이 홍대2호점	분식>떡볶이	서울특별시 마포구 홍익로6길 38	1269237556	375558918
그동네떡볶이 홍대본점	분식>종합분식	서울특별시 마포구 와우산로27길 14	1269275396	375541034
헤이뽀끼 연남점	분식>종합분식	서울특별시 마포구 연희로1길 52	1269262830	375610890
포가레 연남본점	음식점>베트남음식	서울특별시 마포구 동교로 227-7	1269235948	375606960
어메이징농카이	음식점>태국음식	서울특별시 마포구 동교로 156-11	1269199269	375553085
쑥짜이	음식점>태국음식	서울특별시 마포구 월드컵북로2길 82	1269245478	375581589
포머이 연남본점	음식점>아시아음식	서울특별시 마포구 동교로 195	1269226410	375578215
베트남이랑 홍대점	음식점>베트남음식	서울특별시 마포구 양화로 186	1269257002	375575674
역전회관 마포본점	음식점>한식	서울특별시 마포구 토정로37길 47	1269470965	375429468
봄이네식당	음식점>한식	서울특별시 마포구 마포대로6길 20-1	1269533302	375450846
곱 마포직영점	한식>곱창,막창,양	서울특별시 마포구 도화길 31-1	1269493851	375410047
바닷가작은부엌 마포역점	한식>해물,생선요리	서울특별시 마포구 마포대로 38	1269467707	375394335
그레이스국밥	한식>국밥	서울특별시 마포구 마포대로12길 18	1269547377	375480360
호랭이곳간 공덕점	음식점>한식	서울특별시 마포구 마포대로8길 13	1269539750	375464213
명인등심 마포공덕 직영점	한식>소고기구이	서울특별시 마포구 마포대로 144	1269536859	375470063
마포양지설렁탕	한식>곰탕,설렁탕	서울특별시 마포구 새창로 6	1269504338	375420571
이맛콩나물국밥 마포점	한식>국밥	서울특별시 마포구 마포대로10길 13	1269544258	375472368
외백	중식>중식당	서울특별시 마포구 도화2길 4	1269486683	375402931
더차이 공덕재화스퀘어점	중식>중식당	서울특별시 마포구 독막로 311 B109호	1269474817	375439955
신성각	중식>중식당	서울특별시 마포구 임정로 55-1	1269577875	375447250
임사부 중화요리 몽콕 마포점	중식>중식당	서울특별시 마포구 도화길 22-4	1269484326	375401896
산동만두	중식>중식당	서울특별시 마포구 도화길 22-10	1269485369	375400270
토우슈	음식점>일식>일식당	서울특별시 마포구 백범로 152 201동 4호	1269470410	375453872
파이브테이블즈	음식점>이탈리아음식	서울특별시 마포구 백범로 152 202동 10호	1269465494	375453868
VIVO PIZZA 공덕점	음식점>양식	서울특별시 마포구 백범로 152 201동 15호	1269471026	375451415
시머	이탈리아음식>스파게티,파스타전문	서울특별시 마포구 마포대로12길 55	1269545614	375463580
트라고	음식점>양식	서울특별시 마포구 백범로 152 102동18호	1269475180	375449214
오스테리아 소토	음식점>이탈리아음식	서울특별시 마포구 독막로 311 B106호	1269476237	375438299
코끼리분식	분식>종합분식	서울특별시 마포구 도화2길 3	1269487449	375403744
마포원조떡볶이	분식>떡볶이	서울특별시 마포구 도화2길 3 마포원조떡볶이	1269487607	375403569
다락	분식>떡볶이	서울특별시 마포구 도화2길 8	1269487832	375400532
소니가 김밥	분식>김밥	서울특별시 마포구 도화길 46-1	1269507596	375417569
청년분식 마포점	음식점>분식	서울특별시 마포구 큰우물로 75	1269462973	375412649
타이펀트	음식점>태국음식	서울특별시 마포구 백범로31길 8	1269498191	375450654
드렁킨타이 공덕점	음식점>아시아음식	서울특별시 마포구 도화4길 27	1269513123	375407477
레몬그라스타이 마포점	음식점>태국음식	서울특별시 마포구 도화길 43	1269502543	375417888
몬타타이	음식점>태국음식	서울특별시 마포구 마포대로 173	1269544713	375501804
파파호 공덕	음식점>베트남음식	서울특별시 마포구 마포대로 156	1269543814	375481792
목동불백	한식>육류,고기요리	서울특별시 양천구 신목로 89-1	1268746687	375228819
오목식당	음식점>한식	서울특별시 양천구 목동동로12길 43-7	1268760141	375228956
마실	음식점>한식	서울특별시 양천구 목동동로 309 5층	1268759808	375292400
다랑식당 목동본점	음식점>한식	서울특별시 양천구 목동서로 221 상가 111호	1268709864	375275907
순백회관 목동본점	한식>순대,순댓국	서울특별시 양천구 오목로 337-20	1268753622	375255374
나주관	한식>곰탕,설렁탕	서울특별시 양천구 오목로 313-2	1268725715	375252764
창평가마솥순대국 유일무이점	한식>순대,순댓국	서울특별시 양천구 오목로 320-2	1268727100	375244577
할매감자탕&함흥냉면	한식>감자탕	서울특별시 양천구 신목로 74	1268739509	375214386
해봉정육 목동점	한식>소고기구이	서울특별시 양천구 목동동로 293 B1층	1268758395	375284167
락희안 목동직영점	중식>중식당	서울특별시 양천구 오목로 330	1268740003	375244386
일일미미 목동41타워점	중식>중식당	서울특별시 양천구 목동동로 293 3층 311B호	1268757769	375281774
유관장반점 오목교역직영점	중식>중식당	서울특별시 양천구 목동동로 256	1268743290	375257585
도원스타일 목동점	음식점>중식>중식당	서울특별시 양천구 목동동로 257 6층 도원스타일	1268756610	375265407
현경 목동점	음식점>중식당	서울특별시 양천구 오목로 312	1268719460	375247060
갓포 쿠마카세	음식점>일식>일식당	서울특별시 양천구 목동동로 226-11	1268727080	375256014
삿뽀로 목동점	음식점>일식>일식당	서울특별시 양천구 목동동로 189	1268706663	375224539
요쇼쿠 현대백화점 목동점	음식점>일식>일식당	서울특별시 양천구 목동동로 257 지하2층 요쇼쿠	1268752339	375262934
샤브토랑 오목교점	음식점>일식>샤브샤브	서울특별시 양천구 오목로 337-10 204호	1268753456	375251949
오르노 목동점	음식점>양식	서울특별시 양천구 목동동로 293 3층 302-B호	1268757769	375281774
이비티 현대백화점 목동점	음식점>이탈리아음식	서울특별시 양천구 목동동로 257 6층 이비티	1268751024	375262936
젠틀한식탁 목동본점	음식점>양식	서울특별시 양천구 목동동로14길 6-1	1268721865	375242209
티포	음식점>이탈리아음식	서울특별시 양천구 오목로56길 2	1268738889	375242764
목동라고파스타	이탈리아음식>스파게티,파스타전문	서울특별시 양천구 목동동로 293 1층	1268757500	375280083
까치네김밥 오목교점	분식>김밥	서울특별시 양천구 오목로 324	1268733529	375245530
도리식탁 목동본점	분식>떡볶이	서울특별시 양천구 목동동로 233-1 102호	1268715493	375275117
강릉스낵	분식>종합분식	서울특별시 양천구 목동동로 228-2	1268721279	375257969
두끼 목동41타워점	음식점>분식	서울특별시 양천구 목동동로 293 3층 두끼	1268756068	375281817
강다짐 삼각김밥 오목교역점	음식점>분식	서울특별시 양천구 오목로 326	1268736373	375245243
넴넴 목동직영점	음식점>베트남음식	서울특별시 양천구 목동동로14길 1	1268718852	375244003
포옹남 목동	음식점>베트남음식	서울특별시 양천구 신목로2길 68	1268772454	375240266
호앙비엣 오목교역점	음식점>베트남음식	서울특별시 양천구 오목로 339	1268753182	375247573
베트남노상식당 목동드림타워점	음식점>베트남음식	서울특별시 양천구 목동동로 233-1 1층	1268715493	375275117
포타임쌀국수 목동점	음식점>베트남음식	서울특별시 양천구 목동동로12길 46	1268763067	375223331
동호정	음식점>한식	서울특별시 강서구 마곡중앙로 161-8 B동 101호	1268274550	375688869
정화원	한식>백반,가정식	서울특별시 강서구 마곡중앙로 161-8 101호	1268273386	375688514
온반상	한식>백반,가정식	서울특별시 강서구 마곡중앙로 161-8 B동 209호	1268273386	375688513
정담돼지국밥 마곡본점	한식>국밥	서울특별시 강서구 공항대로 219	1268321300	375594757
마곡한식 수라정	음식점>한식뷔페	서울특별시 강서구 마곡중앙6로 11	1268288814	375608338
청담동순도리 마곡직영점	한식>순대,순댓국	서울특별시 강서구 마곡중앙3로 16	1268245470	375629616
투뿔한우 No.9 마곡본점	음식점>한식	서울특별시 강서구 마곡서로 152 B동 2층	1268259797	375676701
일품한우 마곡본점	한식>육류,고기요리	서울특별시 강서구 마곡중앙로 161-22	1268257851	375686383
오하루 수육국밥 마곡나루역점	한식>국밥	서울특별시 강서구 마곡서로 133	1268246011	375666444
공탕 원그로브점	음식점>한식	서울특별시 강서구 공항대로 165 A동 103호	1268260909	375616867
취선 프라이빗 마곡	중식>중식당	서울특별시 강서구 마곡중앙로 111	1268263613	375642628
상해루 코엑스 마곡점	중식>중식당	서울특별시 강서구 마곡중앙로 143 206호	1268253703	375663653
제이스팟 마곡점	중식>중식당	서울특별시 강서구 마곡중앙로 143 208호	1268254017	375664821
일일미미 마곡 케이스퀘어점	중식>중식당	서울특별시 강서구 마곡중앙로 105-7 B204-1호	1268261923	375627988
페이홍러우 원그로브점	중식>중식당	서울특별시 강서구 공항대로 165 A동 2층	1268263538	375615762
스시도쿠 마곡코엑스점	음식점>일식>일식당	서울특별시 강서구 마곡중앙로 143 222호	1268255340	375664206
카루 마곡 서울식물원점	음식점>일식>일식당	서울특별시 강서구 마곡서로 152 A-115호	1268254510	375677273
우나기 욘다이메 키쿠카와 원그로브점	음식점>일식>일식당	서울특별시 강서구 공항대로 165 A동 E101호	1268258710	375616928
오제제 마곡코엑스점	음식점>일식>일식당	서울특별시 강서구 마곡중앙로 143 220호	1268253462	375664907
오르노 마곡점	음식점>양식	서울특별시 강서구 마곡중앙로 105-7 1층	1268268682	375627052
파스타고 마곡점	이탈리아음식>스파게티,파스타전문	서울특별시 강서구 마곡중앙5로 6 215호	1268266954	375674507
로마옥 마곡	음식점>양식	서울특별시 강서구 마곡중앙로 136 3층	1268292275	375648409
핏제리아 라르고	음식점>이탈리아음식	서울특별시 강서구 마곡중앙로 171 108호	1268279343	375691547
집애김밥	분식>김밥	서울특별시 강서구 양천로30길 66	1268226321	375703206
얌샘김밥 마곡나루점	음식점>분식	서울특별시 강서구 마곡중앙로 161-17 108호	1268260405	375681770
다가미 마곡나루직영점	분식>김밥	서울특별시 강서구 마곡중앙로 161-1 224호	1268275104	375678531
됴와김밥 마곡나루역점	분식>종합분식	서울특별시 강서구 마곡중앙5로 6 152호	1268275822	375671832
김가네 마곡나루역점	음식점>분식	서울특별시 강서구 마곡중앙로 161-11 125호	1268267461	375679674
사이공 윤다이	음식점>베트남음식	서울특별시 강서구 마곡중앙5로1길 20 218호	1268268777	375685576
페이페이 마곡코엑스점	음식점>아시아음식	서울특별시 강서구 마곡중앙로 143 221호	1268257405	375652470
에머이 마곡나루점	음식점>베트남음식	서울특별시 강서구 마곡서로 152 B동 108호	1268261182	375677262
포마스터	음식점>베트남음식	서울특별시 강서구 마곡중앙로 171 1층	1268277846	375690324
쏭타이치앙마이 마곡직영점	음식점>태국음식	서울특별시 강서구 마곡동로 62 117호	1268339513	375606450
성문식당	음식점>한식	서울특별시 영등포구 도영로 45	1268977290	375098529
남도한상	음식점>한식	서울특별시 구로구 새말로 97 10층 017호	1268902633	375070143
협동밥집	한식>백반,가정식	서울특별시 구로구 신도림로11길 9-1	1268798667	375081856
만나전	음식점>한식	서울특별시 구로구 새말로 102 지하 124호	1268916637	375056172
계촌닭한마리 신도림본점	한식>백반,가정식	서울특별시 구로구 새말로 102 1층	1268913595	375053695
내고향 소머리국밥	음식점>한식	서울특별시 구로구 공원로6나길 43-15	1268915999	375050999
서울안심축산 테크노마트점	한식>육류,고기요리	서울특별시 구로구 새말로 89	1268898605	375056106
국밥 참 맛있는 집 신도림역점	음식점>한식>국밥	서울특별시 구로구 경인로 661 166호	1268883336	375100374
신도림전주관	음식점>한식	서울특별시 구로구 새말로 97 10층 14호	1268902273	375070439
도림186	중식>중식당	서울특별시 영등포구 도영로 44	1268979830	375096539
림 차이나	중식>중식당	서울특별시 영등포구 도영로 19	1268955763	375084682
웍	중식>중식당	서울특별시 구로구 공원로6다길 20	1268902848	375047407
83느와르	중식>중식당	서울특별시 구로구 공원로6나길 43-1	1268920415	375045829
영신반점	중식>중식당	서울특별시 영등포구 도영로 54	1268985244	375103626
1's 카츠곳간 본점	음식점>일식>돈가스	서울특별시 구로구 새말로 85	1268894618	375053743
교레츠라멘	음식점>일식>일본식라면	서울특별시 구로구 경인로 643 205동 115호	1268865813	375083128
고동경양 문래본점	음식점>양식	서울특별시 영등포구 경인로72길 4	1268920238	375107129
씨즐	음식점>양식	서울특별시 구로구 경인로63길 11	1268855479	375075418
세인트41	음식점>양식	서울특별시 구로구 경인로 662 디큐브시티 41층	1268898233	375087655
키친브로망스	음식점>피자	서울특별시 구로구 새말로16길 16	1268904180	375048695
문래동도라무통즉석떡볶이	분식>떡볶이	서울특별시 영등포구 경인로77가길 12	1268921690	375118394
동대문엽기떡볶이 영등포도림점	음식점>분식	서울특별시 영등포구 도영로 23	1268958473	375085977
청년다방 신도림역점	음식점>분식	서울특별시 구로구 경인로67길 23	1268894776	375105879
싸다김밥 신도림역점	음식점>분식	서울특별시 구로구 경인로 661 1층 싸다김밥	1268883235	375095327
이삭토스트 신도림점	분식>토스트	서울특별시 구로구 경인로59길 8 103호	1268834449	375061539
컴포 신도림점	음식점>베트남음식	서울특별시 구로구 경인로67길 57	1268877071	375119022
Bep Viet 베트남키친 신도림본점	음식점>베트남음식	서울특별시 구로구 새말로16길 23	1268909285	375046152
미스사이공 신도림점	음식점>베트남음식	서울특별시 구로구 경인로 661 177호	1268877039	375095178
국수나무 신도림점	한식>국수	서울특별시 구로구 경인로59길 8 116호	1268830960	375066090
리틀하노이 신도림역점	음식점>베트남음식	서울특별시 구로구 새말로 97 지하1층 FC009호	1268902633	375070143
원조감자탕일미집 가산디지털점	한식>감자탕	서울특별시 금천구 디지털로9길 99	1268851085	374815047
골목식당	음식점>한식	서울특별시 금천구 가산디지털2로 127-115	1268772319	374784975
모시네식당	음식점>한식	서울특별시 금천구 가산디지털2로 142-12	1268794828	374803697
순남시래기 가산역점	한식>백반,가정식	서울특별시 금천구 가산디지털1로 186 지하1층	1268816920	374820240
의령메밀집 가산본점	음식점>한식	서울특별시 금천구 벚꽃로 244 106호	1268859590	374770080
춘천옥	음식점>한식	서울특별시 금천구 디지털로12길 19	1268896826	374778623
오천집 본점	한식>국밥	서울특별시 금천구 벚꽃로 244 105호	1268860709	374770400
규씨뭉티기 가산직영점	한식>육류,고기요리	서울특별시 금천구 가산디지털1로 168 A동 210호	1268826362	374799665
동남집	한식>곰탕,설렁탕	서울특별시 금천구 가산디지털1로 149 102호	1268814676	374786630
중화요리연 가산본점	중식>중식당	서울특별시 금천구 가산디지털1로 225 116호	1268790810	374853706
실크로드	중식>중식당	서울특별시 금천구 가산로 147-5	1268905231	374781506
중화요리연 가산역점	중식>중식당	서울특별시 금천구 가산디지털2로 135 129호	1268781159	374799935
황금룡	중식>중식당	서울특별시 금천구 디지털로9길 68	1268863307	374810217
라복궁 가산본점	중식>중식당	서울특별시 금천구 가산로9길 12-8 라복궁	1268911296	374777221
갓포소	음식점>일식>일식당	서울특별시 금천구 가산디지털2로 144 106호	1268794474	374812082
민소푸	음식점>일식>일식당	서울특별시 금천구 가산디지털2로 166	1268781987	374829282
엔야	음식점>일식>일본식라면	서울특별시 금천구 가산디지털1로 204 109호	1268810300	374835021
미사쿠	음식점>일식>일식당	서울특별시 금천구 벚꽃로 266 12층	1268850432	374784707
백만그릇파스타	이탈리아음식>스파게티,파스타전문	서울특별시 금천구 디지털로 207	1268891529	374790197
롱블랙스푼	음식점>이탈리아음식	서울특별시 금천구 가산디지털1로 131 B동 2층	1268819679	374770424
피자EPP 구로가산점	음식점>피자	서울특별시 금천구 가산로9길 12-8 111호	1268910596	374771890
클랩피자 가산 퍼블릭	음식점>양식	서울특별시 금천구 디지털로 178 A동 116호	1268871293	374766286
헬키푸키 가산디지털단지점	분식>종합분식	서울특별시 금천구 가산디지털1로 181 113호	1268807029	374814846
고소미부엌 가산점	음식점>분식	서울특별시 금천구 가산디지털1로 171 119호	1268806787	374807624
떡밀밀 가산한화점	음식점>분식	서울특별시 금천구 가산디지털2로 43-14 103호	1268820148	374724619
왕김말이랑떡볶이	분식>종합분식	서울특별시 금천구 벚꽃로 278	1268839012	374798136
스쿨푸드 가산마리오아울렛점	음식점>분식	서울특별시 금천구 디지털로9길 23 12층	1268863904	374786912
포26	음식점>베트남음식	서울특별시 금천구 벚꽃로36길 30 C107호	1268849277	374808338
코애 가산대명벨리온본점	음식점>베트남음식	서울특별시 금천구 가산디지털2로 127-33 103호	1268779477	374785775
팔람까오	음식점>태국음식	서울특별시 금천구 서부샛길 606 217호	1268770926	374797866
완삐마이	음식점>태국음식	서울특별시 금천구 서부샛길 606 111-1호	1268770398	374799926
슬로가든 & 까몬 가산디지털단지역점	음식점>베트남음식	서울특별시 금천구 디지털로 178 A동 m-107호	1268871293	374766286
행복식당	한식>백반,가정식	서울특별시 영등포구 도신로 226	1269162278	375117063
모래내식당	음식점>한식	서울특별시 영등포구 영중로8길 6	1269063190	375182935
전주콩뿌리콩나물국밥	한식>국밥	서울특별시 영등포구 영중로8길 5	1269063167	375186858
영등포 청온칼국수	한식>칼국수,만두	서울특별시 영등포구 영등포로 216	1269053716	375196429
대박집	음식점>한식	서울특별시 영등포구 영등포로 225	1269062329	375199699
3일한우국밥	한식>국밥	서울특별시 영등포구 영등포로 204	1269040524	375199394
한티옥 롯데백화점 영등포점	음식점>한식	서울특별시 영등포구 경인로 846	1269074889	375163550
신의주찹쌀순대 직영점	한식>순대,순댓국	서울특별시 영등포구 영중로8길 6 성남빌딩 신의주	1269064970	375182580
육수정 영등포역본점	음식점>한식	서울특별시 영등포구 영중로4길 3-1	1269068686	375172140
이장네숯불갈비 영등포본점	한식>육류,고기요리	서울특별시 영등포구 영신로19길 32-2	1269045211	375135008
송죽장	중식>중식당	서울특별시 영등포구 문래로 203	1269047155	375182543
대문점	중식>중식당	서울특별시 영등포구 영중로10길 30	1269085558	375186246
송정반점	중식>중식당	서울특별시 영등포구 영신로20길 12	1269089182	375153073
신차이 타임스퀘어점	중식>중식당	서울특별시 영등포구 영중로 15 4층 신차이	1269041618	375172698
호경전 신세계백화점 타임스퀘어점	중식>중식당	서울특별시 영등포구 영중로 15 패션관 9층	1269049908	375178627
토토식당 타임스퀘어점	음식점>일식>일식당	서울특별시 영등포구 영중로 15 지하2층 205-1호	1269023722	375172760
호호식당 타임스퀘어	음식점>일식>일식당	서울특별시 영등포구 영중로 15 4층 호호식당	1269039049	375171813
지로우라멘 타임스퀘어	음식점>일식>일본식라면	서울특별시 영등포구 영중로 15 지하1층 지로우라멘	1269040967	375172162
낙원테산도 타임스퀘어점	음식점>일식>일식당	서울특별시 영등포구 영중로 15 4층 낙원테산도	1269046577	375171991
스퀘어21 파스타&스테이크	음식점>이탈리아음식	서울특별시 영등포구 양평로22길 21	1268947724	375396391
르포르테	음식점>양식	서울특별시 영등포구 양평로 68 12층	1268994884	375353470
아림당	음식점>양식	서울특별시 영등포구 국회대로53길 28	1269065203	375279215
일떼라쪼 당산본점	음식점>이탈리아음식	서울특별시 영등포구 양평로 8	1269051703	375325061
한강뷰당산	음식점>양식	서울특별시 영등포구 당산로49길 3	1269024004	375352915
유미분김밥 당산 본점	분식>김밥	서울특별시 영등포구 당산로38길 4	1268987342	375290130
김밥처럼 선유도역 본점	분식>종합분식	서울특별시 영등포구 양평로22길 13	1268945481	375388935
까치네분식 당산역점	분식>종합분식	서울특별시 영등포구 양평로 51	1269007180	375342889
까치네분식	분식>종합분식	서울특별시 영등포구 당산로 139	1268967789	375270798
청년다방 서울 당산역점	음식점>분식	서울특별시 영등포구 당산로 205 109호	1269003658	375329173
화화돈 당산점	음식점>베트남음식	서울특별시 영등포구 당산로35길 5-1	1268969471	375288895
포제이	음식점>베트남음식	서울특별시 영등포구 당산로 242	1269030796	375348771
포옹남 당산점	음식점>베트남음식	서울특별시 영등포구 당산로48길 15	1269039089	375350212
담면본점	음식점>베트남음식	서울특별시 영등포구 선유동2로 65	1268979661	375343623
강남쌀국수 롯데빅마켓 영등포점	음식점>베트남음식	서울특별시 영등포구 영중로 125 2층	1269046990	375278091
한국밥 노량진점	한식>국밥	서울특별시 동작구 만양로 105	1269441480	375126649
명인설렁탕 노량진점	한식>곰탕,설렁탕	서울특별시 동작구 노량진로8길 43 1층	1269377590	375124785
고향갈비	음식점>한식	서울특별시 동작구 만양로18길 19-3	1269454669	375133114
시골집백반 2호점	한식>백반,가정식	서울특별시 동작구 노량진로 96	1269362913	375130477
시골집백반 3호점	한식>백반,가정식	서울특별시 동작구 노량진로8길 16	1269361970	375127316
정남옥 노량진점	한식>순대,순댓국	서울특별시 동작구 노량진로 148-5	1269424045	375132839
스지당	음식점>한식	서울특별시 동작구 만양로14길 27	1269455907	375120117
육전국밥 노량진역점	음식점>한식>국밥	서울특별시 동작구 노량진로 162	1269441125	375134999
소복식당	음식점>한식	서울특별시 동작구 노량진로10길 26	1269374850	375123084
보배반점 노량진 메가스터디타워점	음식점>중식당	서울특별시 동작구 노량진로 140 1층	1269415901	375126441
취복루	중식>중식당	서울특별시 동작구 노량진로 96 2층	1269363466	375130767
자금성	중식>중식당	서울특별시 동작구 만양로14다길 7	1269454220	375112920
초메	음식점>일식>일식당	서울특별시 동작구 만양로14길 10	1269450263	375114136
카츠진 노량진점	음식점>일식>돈가스	서울특별시 동작구 노량진로8길 21	1269366547	375127683
샤브로21 노량진	음식점>일식>샤브샤브	서울특별시 동작구 만양로18길 21	1269455815	375130811
스시101	음식점>일식>초밥,롤	서울특별시 동작구 노들로 674	1269368431	375148693
헤이 이태리	음식점>이탈리아음식	서울특별시 동작구 만양로14가길 18	1269451704	375124021
우뇽 뚝배기스파게티	이탈리아음식>스파게티,파스타전문	서울특별시 동작구 노량진로16길 35	1269440552	375120093
메리지아레	음식점>이탈리아음식	서울특별시 동작구 노량진로8길 43 2층	1269378377	375124857
스파게티스토리 메가스터디타워점	이탈리아음식>스파게티,파스타전문	서울특별시 동작구 노량진로 140 B106호	1269415901	375126441
미태리 노량진학원가점	이탈리아음식>스파게티,파스타전문	서울특별시 동작구 노량진로14가길 8	1269429330	375124743
틈새라면 노량진점	분식>종합분식	서울특별시 동작구 장승배기로28길 39	1269425108	375124518
봉구가래떡볶이 노량진점	음식점>분식	서울특별시 동작구 노량진로14가길 10	1269430852	375125393
싸다김밥 노량진점	음식점>분식	서울특별시 동작구 노량진로 144	1269418697	375134702
동대문엽기떡볶이 상도노량진점	음식점>분식	서울특별시 동작구 노량진로 124	1269397159	375132746
국수나무 노량진점	한식>국수	서울특별시 동작구 노량진로 132	1269407325	375133879
미분당 노량진점	음식점>베트남음식	서울특별시 동작구 만양로 105 107호	1269438923	375129009
saigonlee	음식점>베트남음식	서울특별시 동작구 장승배기로 151-1	1269400420	375112672
홍호아 노량진점	음식점>베트남음식	서울특별시 동작구 노량진로14가길 6	1269428124	375124471
포이즈럽	음식점>베트남음식	서울특별시 동작구 노량진로6길 6-6	1269357035	375129327
먹쇠돌쇠	한식>육류,고기요리	서울특별시 관악구 남현길 8	1269774364	374760891
도련님밥상 사당본점	한식>백반,가정식	서울특별시 서초구 방배천로6길 37	1269847436	374793618
청와옥 사당직영점	음식점>한식>육류,고기요리>순대,순댓국	서울특별시 동작구 동작대로 71	1269816559	374828555
우면산계돈불백	한식>육류,고기요리	서울특별시 서초구 효령로2길 5	1269867687	374764768
대박여수식당	음식점>한식	서울특별시 관악구 남현길 84	1269755158	374732508
청담동순도리 사당점	한식>순대,순댓국	서울특별시 서초구 방배천로 19	1269822682	374782674
사당특수부위보쌈	음식점>한식	서울특별시 서초구 방배천로4길 15-2	1269835843	374781706
이곱착한고기 사당본점	한식>육류,고기요리	서울특별시 동작구 동작대로3길 6	1269811425	374784778
서래순대국	한식>순대,순댓국	서울특별시 동작구 남부순환로271길 13	1269799590	374774818
바오로차이나 사당점	중식>중식당	서울특별시 서초구 방배천로 12-9	1269835250	374775934
팬사이	중식>중식당	서울특별시 동작구 사당로30길 133	1269808247	374788637
하선생	중식>중식당	서울특별시 동작구 동작대로3길 8	1269809494	374784272
부라문	중식>중식당	서울특별시 관악구 남현1길 26	1269788844	374758202
방배반점	중식>중식당	서울특별시 서초구 방배천로16길 4	1269830012	374821111
교꾸스시	음식점>일식>일식당	서울특별시 관악구 남현1길 9	1269779570	374759577
분코다이닝 사당점	음식점>일식>일식당	서울특별시 서초구 방배천로4안길 26	1269834347	374792926
긴자 사당점	음식점>일식>일식당	서울특별시 서초구 방배천로 11 파스텔시티 3층	1269822360	374777008
훈감동	음식점>일식>일식당	서울특별시 동작구 동작대로9길 4	1269812998	374807094
리에또	이탈리아음식>스파게티,파스타전문	서울특별시 서초구 방배천로4안길 20	1269834110	374790222
올리브에비뉴	음식점>이탈리아음식	서울특별시 서초구 방배천로 11 6층	1269822030	374776748
앙젤리제	음식점>양식	서울특별시 서초구 방배천로2안길 69	1269839094	374801397
봉천생면파스타 사당점	음식점>양식	서울특별시 동작구 동작대로3길 42	1269792650	374788244
남미플랜트랩	음식점>퓨전음식	서울특별시 서초구 방배천로4안길 55	1269832998	374806350
별미분식 사당역 본점	분식>떡볶이	서울특별시 관악구 남현2길 46	1269749167	374756276
국물떡볶이	분식>떡볶이	서울특별시 동작구 사당로30길 61	1269809511	374820721
로데오김밥 사당점	분식>김밥	서울특별시 관악구 승방길 6	1269815887	374740088
틈새라면 사당점	음식점>분식	서울특별시 동작구 동작대로 39	1269815360	374799220
찐떡	분식>종합분식	서울특별시 동작구 사당로14길 11	1269720200	374835323
방배동쌀국수	음식점>베트남음식	서울특별시 서초구 방배천로8길 34	1269844132	374804541
드렁킨타이 사당점	음식점>태국음식	서울특별시 동작구 동작대로1길 43-1	1269789130	374772409
방콕 태국음식점	음식점>아시아음식	서울특별시 동작구 동작대로7길 4	1269814239	374801020
72420 사당본점	음식점>베트남음식	서울특별시 동작구 동작대로1길 50	1269786882	374773808
생어거스틴 파스텔시티점	음식점>아시아음식	서울특별시 서초구 방배천로 11 4층	1269822744	374778141
어부사시가	한식>생선구이	서울특별시 관악구 관악로14길 31	1269542973	374790009
완산정	음식점>한식	서울특별시 관악구 봉천로 484	1269536440	374816829
남덕식당	한식>국밥	서울특별시 관악구 남부순환로 1751	1269447783	374823102
안녕부산	음식점>한식	서울특별시 관악구 남부순환로226길 31 2층 안녕부산	1269537450	374792368
낙성기사식당	한식>기사식당	서울특별시 관악구 봉천로 550	1269587699	374781039
정남옥 서울대입구점	한식>순대,순댓국	서울특별시 관악구 관악로 148	1269525926	374785394
제주국수임당	음식점>한식	서울특별시 관악구 관악로12길 5 2층	1269527774	374782557
기절초풍왕순대	한식>순대,순댓국	서울특별시 관악구 봉천로62길 2	1269584629	374781103
오천집 서울대입구점	한식>국밥	서울특별시 관악구 남부순환로 1827	1269534860	374812842
양정국밥 본점	한식>국밥	서울특별시 관악구 남부순환로 1852	1269556418	374799266
외래향 서울대점	중식>중식당	서울특별시 관악구 남부순환로 1801	1269504933	374817454
향라선촨촨향	중식>중식당	서울특별시 관악구 낙성대로 10	1269592040	374777439
도원경	중식>중식당	서울특별시 관악구 봉천로 403	1269448298	374831908
흑룡강	중식>중식당	서울특별시 관악구 낙성대로 22-1	1269587089	374766892
하이보	중식>중식당	서울특별시 관악구 관악로 134	1269526582	374772214
동경산책 서울대입구점	음식점>일식>일식당	서울특별시 관악구 관악로14길 30	1269542000	374789029
킷사서울	음식점>일식>일식당	서울특별시 관악구 남부순환로226길 31 2층 킷사서울	1269537873	374792338
고시고시 서울대입구역본점	음식점>일식>일식당	서울특별시 관악구 남부순환로 1820	1269520229	374811436
주수	음식점>일식>일식당	서울특별시 관악구 남부순환로234길 22	1269569019	374784484
앤미	음식점>일식>일식당	서울특별시 관악구 관악로12길 47	1269550304	374778448
스테이크하우스 로아	음식점>양식	서울특별시 관악구 봉천로62길 7	1269589582	374776631
모힝 비스트로	음식점>이탈리아음식	서울특별시 관악구 남부순환로226길 36	1269535237	374790924
쥬벤쿠바	음식점>양식	서울특별시 관악구 관악로14나길 10	1269573528	374777022
피자파쪼 서울대입구 본점	음식점>이탈리아음식	서울특별시 관악구 남부순환로 1797	1269499234	374818956
오늘그대와 샤로수길점	이탈리아음식>스파게티,파스타전문	서울특별시 관악구 관악로14길 65	1269561618	374785362
블루토스낵 서울대입구본점	분식>종합분식	서울특별시 관악구 남부순환로218길 1	1269507118	374810919
진순자계란말이김밥 봉천본점	분식>김밥	서울특별시 관악구 청룡1길 19	1269475404	374812376
복희	분식>떡볶이	서울특별시 관악구 관악로14길 94	1269576552	374779280
동대문엽기떡볶이 서울대입구점	음식점>분식	서울특별시 관악구 관악로14길 76	1269566171	374782862
오공김밥 봉천점	음식점>분식	서울특별시 관악구 은천로 101	1269465624	374870654
딸랏롯빠이	음식점>태국음식	서울특별시 관악구 관악로12길 113	1269585910	374773965
분짜하노이 서울대입구점	음식점>베트남음식	서울특별시 관악구 관악로 154	1269526164	374788914
레몬그라스타이 낙성대점	음식점>태국음식	서울특별시 관악구 봉천로 551	1269590196	374782925
포서울	음식점>베트남음식	서울특별시 관악구 관악로12길 5 1층	1269527574	374782307
타이패밀리	음식점>태국음식	서울특별시 관악구 행운1길 39	1269572321	374805059
김가네생선구이	한식>생선구이	서울특별시 관악구 남부순환로 1677-20	1269374373	374848944
송씨제육	한식>백반,가정식	서울특별시 관악구 봉천로 230	1269271290	374893483
더진국수육국밥 신림점	한식>국밥	서울특별시 관악구 남부순환로 1598	1269283831	374837034
도화불백 신림본점	음식점>한식	서울특별시 관악구 봉천로 304	1269345953	374863095
밀알 돌판 냉동삼겹살	한식>돼지고기구이	서울특별시 관악구 은천로 28 나동 106호	1269381393	374858918
운산국밥 신림점	한식>국밥	서울특별시 관악구 신림로59길 8	1269293508	374830855
신주옥미 신림역점	한식>순대,순댓국	서울특별시 관악구 신림로65길 16	1269285349	374851562
서림실비순대	한식>순대,순댓국	서울특별시 관악구 신림동길 8	1269276825	374874640
고향순대국	한식>순대,순댓국	서울특별시 관악구 신림로 275	1269312760	374790824
중화요리 팔공	중식>중식당	서울특별시 관악구 남부순환로 1680	1269371692	374841290
루비정 신림본점	중식>중식당	서울특별시 관악구 남부순환로198길 7	1269377250	374835133
아리차이	중식>중식당	서울특별시 관악구 신림동길 4	1269283111	374876315
만 성 찬 팅	중식>중식당	서울특별시 관악구 신림로 322-4	1269303291	374830570
한강춘	중식>중식당	서울특별시 관악구 봉천로6길 47	1269259510	374876967
서울초밥	음식점>일식>초밥,롤	서울특별시 관악구 신림동7길 15	1269263977	374863359
우리스시 신림본점	음식점>일식>초밥,롤	서울특별시 관악구 조원로 170	1269212018	374860701
사부링	음식점>양식	서울특별시 관악구 남부순환로 1591	1269274242	374842029
신림양면소	음식점>양식	서울특별시 관악구 신림로 387	1269280791	374886601
룸펜	음식점>이탈리아음식	서울특별시 관악구 신림로68길 8	1269297749	374864530
루체에살레	이탈리아음식>스파게티,파스타전문	서울특별시 관악구 봉천로6길 40	1269256498	374878914
시장 탕수육	분식>종합분식	서울특별시 관악구 관천로 19 A-68	1269282639	374817802
비타김밥	분식>김밥	서울특별시 관악구 신림동7길 51	1269269432	374848421
신림동 정통 계란말이김밥 신림본점	분식>김밥	서울특별시 관악구 신림로70길 11	1269295750	374878178
마뇨떡볶이	음식점>분식	서울특별시 관악구 신원로 35	1269289366	374822482
라밥 신림점	분식>종합분식	서울특별시 관악구 남부순환로 1589	1269272004	374842125
레몬그라스타이	음식점>태국음식	서울특별시 관악구 봉천로 245	1269290549	374892661
사이공본가 신림점	음식점>베트남음식	서울특별시 관악구 남부순환로 1595	1269277283	374842359
콘타이 타임스트림점	음식점>태국음식	서울특별시 관악구 신림로 330 9층	1269302425	374838598
봉루아	음식점>베트남음식	서울특별시 동작구 보라매로5가길 16 206호	1269242943	374913355
포메인 보라매점	음식점>베트남음식	서울특별시 동작구 보라매로5길 43	1269232838	374917205
감골연탄집 서초교대점	한식>육류,고기요리	서울특별시 서초구 서초대로51길 24	1270140770	374960955
시래향	한식>한정식	서울특별시 서초구 사임당로 66	1270172717	374890272
봄불고기	한식>육류,고기요리	서울특별시 서초구 서초중앙로24길 27 B105	1270165175	374954048
두리미가 한식뷔페	음식점>한식뷔페	서울특별시 서초구 사임당로 108	1270217433	374903448
중화백반 교대점	중식>중식당	서울특별시 서초구 서초중앙로20길 18	1270151914	374922455
유성옥 돼지국밥 서초본점	한식>국밥	서울특별시 서초구 서초대로51길 14 104호	1270143449	374950539
담은국밥 서초교대점	한식>국밥	서울특별시 서초구 법원로2길 15	1270124179	374941772
육수정 교대역직영점	음식점>한식	서울특별시 서초구 반포대로28길 46	1270109216	374910913
영승	한식>국밥	서울특별시 서초구 서초대로54길 34	1270161938	374926826
일품돼지국밥 서초본점	한식>국밥	서울특별시 서초구 서초대로 350	1270196658	374952935
미슌 교대본점	중식>중식당	서울특별시 서초구 서초대로53길 19	1270145576	374959512
칭진 서울교대본점	중식>중식당	서울특별시 서초구 반포대로30길 72	1270125221	374925419
미림양장 서초점	중식>중식당	서울특별시 서초구 서초중앙로 151 B104호	1270128985	374951583
호경전 서초점	중식>중식당	서울특별시 서초구 서초중앙로24길 22	1270159927	374947241
스키당 교대점	음식점>일식>일식당	서울특별시 서초구 서초중앙로22길 25	1270154540	374934782
토쿠센	음식점>일식>일식당	서울특별시 서초구 서초중앙로18길 23	1270155702	374915104
피자에미치다 교대역점	음식점>피자	서울특별시 서초구 서초대로50길 63	1270137331	374904253
미테이블 교대직영점	음식점>양식	서울특별시 서초구 반포대로30길 44-5	1270112287	374919047
에이머 교대역점	음식점>이탈리아음식	서울특별시 서초구 반포대로26길 58	1270123820	374911769
라포레 트라토리아	음식점>이탈리아음식	서울특별시 서초구 서초중앙로 188 111호	1270128201	374989804
톨리브	이탈리아음식>스파게티,파스타전문	서울특별시 서초구 서초중앙로24길 9	1270146789	374947940
광해즉석떡볶이	분식>떡볶이	서울특별시 서초구 서초대로 275	1270116934	374934041
이앤김밥&족발 서초본점	분식>종합분식	서울특별시 서초구 서초대로46길 16	1270099643	374917907
홀스김밥본점	음식점>한식	서울특별시 서초구 서초중앙로22길 90	1270188004	374940900
오토김밥 서초본점	음식점>분식	서울특별시 서초구 서초대로54길 48-3	1270167580	374920330
후토루 교대점	음식점>분식	서울특별시 서초구 서초대로51길 14 103호	1270143474	374950726
쿤쏨차이	음식점>태국음식	서울특별시 서초구 서초대로53길 23	1270144013	374961875
무온	음식점>베트남음식	서울특별시 서초구 반포대로26길 29	1270107408	374906372
꾸아 교대점	음식점>베트남음식	서울특별시 서초구 서초중앙로22길 45	1270165348	374935364
포하이 교대	음식점>베트남음식	서울특별시 서초구 서초대로46길 17	1270103934	374916119
반포식스 교대역점	음식점>베트남음식	서울특별시 서초구 서초대로50길 18	1270128096	374923255
무제오	음식점>한식	서울특별시 서초구 강남대로47길 20	1270305821	374887147
할머니의 부뚜막 양재역점	음식점>한식	서울특별시 서초구 강남대로37길 38	1270314321	374849570
미소마을	음식점>한식	서울특별시 서초구 강남대로41길 18	1270314934	374871258
양재타워 구내식당	음식점>한식	서울특별시 강남구 강남대로 262 지하2층	1270334622	374869700
남강매점	한식>백반,가정식	서울특별시 서초구 강남대로 291	1270313634	374892027
국고집	한식>육류,고기요리	서울특별시 강남구 남부순환로355길 14	1270360090	374859583
도곡 한우소머리국밥	한식>국밥	서울특별시 강남구 도곡로 172	1270383139	374913939
버드나무집 서초동본점	음식점>한식	서울특별시 서초구 효령로 434	1270311501	374891425
양재순대	한식>순대,순댓국	서울특별시 서초구 강남대로39길 16	1270321359	374861022
배수경양재정육식당 9호점	음식점>한식	서울특별시 서초구 남부순환로350길 51	1270373561	374828581
명정루 양재	중식>중식당	서울특별시 서초구 남부순환로347길 23	1270313972	374854759
도화	중식>중식당	서울특별시 서초구 서운로6길 22	1270304921	374857236
난랑	중식>중식당	서울특별시 서초구 서운로 32	1270291925	374869086
팔향	중식>중식당	서울특별시 서초구 강남대로41길 15-19 B1층	1270321855	374864221
천향 도곡 직영점	중식>중식당	서울특별시 강남구 논현로 166	1270422222	374845154
진스시	음식점>일식>일식당	서울특별시 서초구 강남대로43길 22-2	1270310943	374875452
쇼쿠지 양재점	음식점>일식>일식당	서울특별시 서초구 서운로6길 19	1270305391	374858763
로마옥 도곡	음식점>양식	서울특별시 강남구 강남대로48길 11	1270341174	374869198
브리즈 양재	음식점>양식	서울특별시 서초구 강남대로41길 15-19 1층	1270322778	374863278
플로트 서울	음식점>양식	서울특별시 서초구 강남대로41길 22-8	1270312288	374873951
분식을품다 본점	분식>종합분식	서울특별시 서초구 강남대로47길 30	1270300668	374885978
국미당	분식>종합분식	서울특별시 강남구 남부순환로359길 19	1270362613	374861497
작은공간	분식>떡볶이	서울특별시 강남구 남부순환로359길 31	1270355545	374869490
꼬김빱 서초구청점	분식>김밥	서울특별시 서초구 서운로 6	1270299448	374846895
후토루 양재점	음식점>분식	서울특별시 서초구 강남대로 221	1270348194	374833821
포히아 양재점	음식점>베트남음식	서울특별시 서초구 남부순환로356길 121	1270401282	374799166
피넘타이	음식점>태국음식	서울특별시 서초구 남부순환로347길 53	1270309682	374866183
몬안베띠 양재역점	음식점>베트남음식	서울특별시 서초구 바우뫼로41길 84	1270399444	374841095
포본 양재점	음식점>베트남음식	서울특별시 서초구 강남대로27길 7-21	1270381363	374783667
강남쌀국수 양재점	음식점>베트남음식	서울특별시 강남구 남부순환로359길 13	1270364685	374858986
할머니의 부뚜막 선릉점	음식점>한식	서울특별시 강남구 삼성로95길 24	1270538028	375076724
상록수 선릉점	한식>돼지고기구이	서울특별시 강남구 삼성로85길 43 1층	1270538325	375042165
연탄구이 유명기사식당 선릉역점	한식>육류,고기요리	서울특별시 강남구 선릉로86길 28	1270520823	375035862
거평식당	한식>한정식	서울특별시 강남구 테헤란로 322 B161호	1270465899	375034721
영천얼큰돼지국밥 강남본점	한식>국밥	서울특별시 강남구 봉은사로44길 68	1270429260	375054188
농민백암순대 본점	한식>순대,순댓국	서울특별시 강남구 선릉로86길 40-4	1270530139	375037000
국밥 참 맛있는 집 역삼점	음식점>한식>국밥	서울특별시 강남구 언주로98길 39	1270450081	375046549
안목 강남역삼	한식>국밥	서울특별시 강남구 언주로 520	1270420234	375049041
선릉을지순대국 선릉점	한식>순대,순댓국	서울특별시 강남구 선릉로86길 46	1270534185	375040825
최순옥명품국밥 선릉점	한식>국밥	서울특별시 강남구 선릉로86길 48	1270537046	375041147
천용	중식>중식당	서울특별시 강남구 언주로90길 12	1270441299	375023190
마담밍	중식>중식당	서울특별시 강남구 선릉로86길 5-4	1270502732	375035179
모리향	중식>중식당	서울특별시 강남구 역삼로 419	1270529705	375013726
명정루 선릉본점	중식>중식당	서울특별시 강남구 테헤란로70길 12	1270532503	375047832
홍운장	중식>중식당	서울특별시 강남구 삼성로 341	1270589730	375019400
스시사카바 산원	음식점>일식>일식당	서울특별시 강남구 선릉로100길 42	1270508777	375065488
만목	음식점>일식>일식당	서울특별시 강남구 선릉로82길 9	1270509011	375026585
미미동 삼성점	음식점>일식>일식당	서울특별시 강남구 삼성로 511 지하1층 2호	1270555980	375076711
모미지 선릉점	음식점>일식>일식당	서울특별시 강남구 삼성로85길 43 3층	1270539162	375041783
꾸우덕 선릉 본점	음식점>양식	서울특별시 강남구 선릉로82길 16	1270513582	375026597
트라가 삼성점	음식점>스페인음식	서울특별시 강남구 삼성로 511 지하1층 트라가	1270555980	375076711
카발	음식점>이탈리아음식	서울특별시 강남구 선릉로82길 7	1270507208	375025843
버닝스톤	음식점>스테이크,립	서울특별시 강남구 역삼로64길 7	1270529567	375006468
타이거 꼬마김밥 대치점	분식>종합분식	서울특별시 강남구 역삼로64길 26	1270533768	374994702
꺼벙이분식	분식>종합분식	서울특별시 강남구 테헤란로63길 12	1270509246	375059630
김바라김밥 대치점	음식점>한식	서울특별시 강남구 선릉로72길 34	1270539749	375007602
얌샘김밥 선릉역점	음식점>분식	서울특별시 강남구 테헤란로63길 9	1270500373	375056807
우리집만두 선릉본점	분식>만두	서울특별시 강남구 선릉로 424	1270500070	375028359
비욘드비엣남 선릉점	음식점>베트남음식	서울특별시 강남구 테헤란로69길 9	1270523114	375065143
오포 선릉역점	음식점>베트남음식	서울특별시 강남구 선릉로93길 26	1270465177	375048100
포텐	음식점>베트남음식	서울특별시 강남구 선릉로82길 42	1270534565	375033501
몬안베띠 대치점	음식점>베트남음식	서울특별시 강남구 삼성로 345	1270587602	375023859
온밥	한식>생선구이	서울특별시 강남구 테헤란로84길 26	1270589674	375054696
제주오전복 스타필드 코엑스점	음식점>한식	서울특별시 강남구 영동대로 513 제주오전복	1270598289	375119311
제주갈치전문점	음식점>한식	서울특별시 강남구 역삼로98길 28	1270650898	375027761
풍년집 대치점	한식>소고기구이	서울특별시 강남구 삼성로84길 22	1270593100	375056220
반룡산	한식>이북음식	서울특별시 강남구 테헤란로78길 26	1270558933	375045423
재수돈 감자탕 삼성점	한식>감자탕	서울특별시 강남구 테헤란로87길 57	1270572686	375113049
동인동 삼성	한식>육류,고기요리	서울특별시 강남구 영동대로85길 20-7	1270617278	375073863
일품돼지국밥 삼성역점	한식>국밥	서울특별시 강남구 테헤란로87길 17	1270585022	375089466
박서방순대국밥 삼성본점	한식>순대,순댓국	서울특별시 강남구 삼성로 520	1270558859	375087609
국밥 참 맛있는 집 대치점	음식점>한식>국밥	서울특별시 강남구 삼성로86길 22	1270593569	375059935
무탄 코엑스점	중식>중식당	서울특별시 강남구 영동대로 513 B1층 H121호	1270584607	375113180
페이홍러우 삼성점	중식>중식당	서울특별시 강남구 테헤란로87길 35	1270578448	375100009
호신각	중식>중식당	서울특별시 강남구 테헤란로81길 16	1270571701	375082149
천미미 삼성점	중식>중식당	서울특별시 강남구 삼성로 534	1270554317	375097432
스시유 삼성본점	음식점>일식>일식당	서울특별시 강남구 영동대로 407	1270644159	375056690
슈파런치 스타필드 코엑스몰점	음식점>일식>일식당	서울특별시 강남구 영동대로 513 코엑스몰 지하1층 슈파런치	1270591590	375118239
쇼지 삼성본점	음식점>일식>일식당	서울특별시 강남구 삼성로100길 14	1270566090	375096390
어썸로즈	음식점>이탈리아음식	서울특별시 강남구 압구정로10길 40	1270220822	375209211
달링키친	음식점>양식	서울특별시 강남구 압구정로14길 34	1270232535	375221232
한올	음식점>양식	서울특별시 강남구 도산대로15길 11	1270237826	375190285
까브테라스	음식점>이탈리아음식	서울특별시 강남구 강남대로156길 27	1270213487	375187216
퍼시픽 스탠다드	음식점>양식	서울특별시 강남구 압구정로4길 27-6	1270207882	375217484
우리할매떡볶이 압구정점	음식점>분식	서울특별시 강남구 도산대로25길 20	1270271703	375210326
밀떡팩토리 본점	분식>떡볶이	서울특별시 강남구 강남대로152길 64	1270245086	375187971
싸다김밥 신사역점	음식점>분식	서울특별시 강남구 도산대로 124	1270222735	375169690
또보겠지떡볶이집 신사오후산책점	음식점>분식	서울특별시 강남구 강남대로156길 24	1270211195	375184397
콴안다오	음식점>베트남음식	서울특별시 강남구 강남대로156길 28-2	1270216147	375185095
신사 낭낙	음식점>태국음식	서울특별시 강남구 강남대로156길 17	1270205630	375184117
꿍탈레	음식점>태국음식	서울특별시 강남구 압구정로10길 14	1270217654	375227858
모던아시안누들서비스	음식점>아시아음식	서울특별시 강남구 강남대로162길 41-20	1270211729	375218293
포반 베트남 쌀국수&반미	음식점>베트남음식	서울특별시 서초구 신반포로47길 33-2	1270189362	375122034
시골밥상	한식>백반,가정식	서울특별시 강남구 논현로175길 68	1270235799	375241090
해남집	음식점>한식	서울특별시 강남구 강남대로160길 16	1270201577	375193663
우리식당	음식점>한식	서울특별시 강남구 논현로161길 27	1270259743	375233810
돈불리제담 신사본점	음식점>한식	서울특별시 강남구 압구정로2길 46	1270207072	375187776
딸부자네불백 신사본점	음식점>한식>육류,고기요리	서울특별시 강남구 강남대로158길 21	1270205423	375193116
블랙국밥 신사점	한식>국밥	서울특별시 강남구 도산대로1길 16	1270200729	375176564
강남따로국밥	한식>국밥	서울특별시 서초구 신반포로47길 118	1270188417	375155708
신사동인동	한식>육류,고기요리	서울특별시 강남구 강남대로156길 14	1270203875	375181314
남강순대국 신사본점	한식>순대,순댓국	서울특별시 강남구 강남대로158길 19	1270204344	375191976
청담동순도리 신사점	음식점>한식	서울특별시 강남구 강남대로152길 15	1270207057	375174023
제주오전복 잠실롯데월드점	음식점>한식	서울특별시 송파구 올림픽로 240 지하1층 7호	1270981638	375110794
조박사토종순대국	한식>순대,순댓국	서울특별시 송파구 올림픽로35길 112 지하44호	1271017802	375179069
분지로 롯데월드몰점	음식점>일식>돈가스	서울특별시 송파구 올림픽로 300 5층 분지로	1271025624	375125701
북창동순두부 롯데월드점	한식>두부요리	서울특별시 송파구 올림픽로 240 푸드애비뉴 북창동순두부	1270981937	375110854
안목 잠실	한식>국밥	서울특별시 송파구 오금로 105	1271080073	375129715
진지한국밥 잠실롯데월드점	한식>국밥	서울특별시 송파구 올림픽로 240 지하1층 6호	1270981638	375110794
육전국밥 석촌호수점	음식점>한식>국밥	서울특별시 송파구 오금로 111	1271081720	375126035
보승회관 방이점	음식점>한식>국밥	서울특별시 송파구 오금로 101	1271079369	375131489
한뭉티기	한식>육류,고기요리	서울특별시 송파구 올림픽로35길 124	1271009378	375174924
형제애	중식>중식당	서울특별시 송파구 올림픽로34길 18	1271110302	375150075
난랑	중식>중식당	서울특별시 송파구 올림픽로32길 11	1271091967	375151030
만옥 롯데월드몰점	중식>중식당	서울특별시 송파구 올림픽로 300 지하1층 만옥	1271049086	375143603
모던눌랑 잠실점	중식>중식당	서울특별시 송파구 잠실로 209 B1	1271063644	375138710
심포니오브차이나	중식>중식당	서울특별시 송파구 올림픽로 212 지하 1-15호	1270944326	375116049
카사나리 롯데백화점 잠실점	음식점>일식>일식당	서울특별시 송파구 올림픽로 240 11층 카사나리	1270989685	375123009
해담	음식점>일식>일식당	서울특별시 송파구 오금로15길 5-12	1271086439	375125971
뽀빠이분식	분식>종합분식	서울특별시 송파구 올림픽로35길 104	1271018983	375178044
유미분김밥 잠실 롯데월드몰점	분식>김밥	서울특별시 송파구 올림픽로 300 지하1층 유미분김밥	1271044946	375143720
마미떡 송파점	분식>떡볶이	서울특별시 송파구 백제고분로45길 30	1271084759	375104801
환희분식	분식>종합분식	서울특별시 송파구 올림픽로35길 112 45호	1271018511	375178716
만남분식	분식>종합분식	서울특별시 송파구 올림픽로35길 112 50호	1271017233	375178190
쌤쌤쌤 롯데월드몰점	음식점>양식	서울특별시 송파구 올림픽로 300 5층 쌤쌤쌤	1271039586	375139529
차만다 잠실	음식점>양식	서울특별시 송파구 오금로16길 4-15	1271083791	375112671
더 이탈리안 클럽	음식점>양식	서울특별시 송파구 잠실로 209 2층	1271063644	375138710
정순함박 잠실 본점	음식점>스테이크,립	서울특별시 송파구 올림픽로35길 112 40-2호	1271017232	375178189
디라이프스타일키친 롯데월드몰점	음식점>양식	서울특별시 송파구 올림픽로 300 5층 디라이프스타일키친	1271033292	375137408
촙촙 롯데월드몰점	음식점>베트남음식	서울특별시 송파구 올림픽로 300 지하1층 촙촙	1271046534	375144268
포뚜옌달랏 송리단길점	음식점>베트남음식	서울특별시 송파구 오금로16길 10-6	1271086155	375108467
퍼틴 롯데백화점 잠실점 캐슬플라자	음식점>베트남음식	서울특별시 송파구 올림픽로 269 2층	1271004323	375145180
골든타이키친	음식점>태국음식	서울특별시 송파구 백제고분로41길 42-8	1271060902	375096003
포차이	음식점>베트남음식	서울특별시 송파구 올림픽로35다길 32	1271020545	375150259
불하당	음식점>한식	서울특별시 송파구 법원로 114 B157호	1271205809	374852538
원.순천집	한식>생선구이	서울특별시 송파구 법원로 114 C동 116호	1271202603	374860266
스지&곰탕	한식>곰탕,설렁탕	서울특별시 송파구 송파대로 167 A동 G116	1271210395	374848354
보물섬면옥 송파문정역점	한식>국수	서울특별시 송파구 송파대로 201 B동 114호	1271207774	374875624
또바라기돼지국밥 문정동본점	한식>국밥	서울특별시 송파구 법원로 114 e동 지하164호	1271208940	374853599
온달토종순대국	한식>순대,순댓국	서울특별시 송파구 동남로2길 18	1271227294	374876802
담옥	음식점>한식	서울특별시 송파구 법원로4길 10 123호	1271228742	374823998
청년38국수 문정테라타워점	한식>국수	서울특별시 송파구 송파대로 167 B동 G134호	1271222773	374853316
정성면옥	한식>냉면	서울특별시 송파구 문정로 9	1271238182	374863676
한양중식 문정점	중식>중식당	서울특별시 송파구 송파대로 167 A동 205호	1271210395	374848354
창룡 본점	중식>중식당	서울특별시 송파구 새말로5길 22	1271241288	374844427
차이킹 문정점	중식>중식당	서울특별시 송파구 법원로 128 A동 218호	1271198341	374865542
몽중헌 문정점	음식점>중식당	서울특별시 송파구 새말로5길 31	1271234916	374853213
신동보성	중식>중식당	서울특별시 송파구 법원로6길 7	1271217796	374835088
고메무이 송파문정	음식점>일식>돈가스	서울특별시 송파구 송파대로 167 A동 G115호	1271210395	374848354
우사기소바	음식점>일식>우동,소바	서울특별시 송파구 법원로 114 B153호	1271206993	374857986
흥도식당	음식점>일식>돈가스	서울특별시 송파구 법원로 114 b동 155-1호	1271208658	374855931
히또	음식점>일식>일식당	서울특별시 송파구 동남로2길 8	1271223314	374884940
라치오	음식점>이탈리아음식	서울특별시 송파구 동남로4길 20	1271244964	374883793
쿠치나디까사 문정점	음식점>양식	서울특별시 송파구 송파대로 201 A-110호	1271195580	374871529
고급양식 문정본점	음식점>양식	서울특별시 송파구 송파대로 201 B동 110호	1271210267	374876530
비스트로에이	음식점>양식	서울특별시 송파구 동남로4길 14	1271241845	374888547
홍쉐프 & 화덕피자 파스타	음식점>이탈리아음식	서울특별시 송파구 법원로 114 지하1층 117호	1271203754	374858006
골목떡볶이	분식>떡볶이	서울특별시 송파구 문정로1길 33	1271234868	374890997
틈새라면 송파법조단지점	음식점>분식	서울특별시 송파구 법원로 128 B동 109호	1271204024	374871153
이삭토스트 문정역점	분식>토스트	서울특별시 송파구 송파대로 167 B동 G121호	1271215922	374851383
이풀리 문정역점	음식점>한식	서울특별시 송파구 송파대로 167 B동 G150호	1271222171	374853033
파파호 문정	음식점>태국음식	서울특별시 송파구 법원로 127	1271188948	374864380
코코넛태국음식점	음식점>태국음식	서울특별시 송파구 송이로36길 47	1271287677	374835155
호앙비엣 문정점	음식점>베트남음식	서울특별시 송파구 법원로 128 B동 134호	1271206223	374866566
미분당 문정점	음식점>베트남음식	서울특별시 송파구 송파대로 201 A동 104호	1271191919	374873351
사이공하우스	음식점>베트남음식	서울특별시 송파구 법원로4길 5 139호	1271222476	374828500
금마루 식당	음식점>한식	서울특별시 강동구 천호옛17길 38	1271240202	375377722
소문난집	음식점>한식	서울특별시 강동구 올림픽로70길 57	1271267750	375391500
군산식당	음식점>한식	서울특별시 강동구 진황도로 32	1271305750	375387510
천호닭곰탕	한식>곰탕,설렁탕	서울특별시 강동구 천중로 58	1271283365	375450165
이모네백반	한식>백반,가정식	서울특별시 송파구 바람드리26길 6-1	1271218289	375364922
도도국밥	한식>국밥	서울특별시 강동구 올림픽로 682-8	1271251656	375420945
마포집	한식>국밥	서울특별시 강동구 천호옛14길 16	1271263685	375360845
경회루인생순대	한식>순대,순댓국	서울특별시 강동구 구천면로 229-1	1271299251	375413572
청담동순도리 천호역점	음식점>한식	서울특별시 강동구 천호대로157길 24	1271274479	375387848
보승회관 천호역점	음식점>한식>국밥	서울특별시 강동구 올림픽로 654	1271240645	375398899
동국성	중식>중식당	서울특별시 강동구 천호대로 985	1271219653	375395126
보성각중화요리	중식>중식당	서울특별시 송파구 바람드리길 53	1271218569	375371888
2.5짜장	중식>중식당	서울특별시 강동구 천호대로162길 34	1271280587	375356137
도원스타일 천호점	음식점>중식>중식당	서울특별시 강동구 천호대로 1005 12층	1271242836	375390630
해중천반점	중식>중식당	서울특별시 강동구 천호옛길 84	1271258163	375362249
미오정	음식점>일식>일식당	서울특별시 강동구 올림픽로70길 51-2	1271267405	375392743
안녕식당	음식점>일식>일식당	서울특별시 강동구 천호대로159길 53	1271282124	375398626
얌얌카츠	음식점>일식>돈가스	서울특별시 강동구 천호옛14길 22	1271267576	375360658
스시야미 천호본점	음식점>일식>일식당	서울특별시 강동구 진황도로 4-9	1271280397	375396644
주가네 쌀떡볶이	분식>떡볶이	서울특별시 강동구 천호옛길 90	1271259457	375368257
깨돌이김밥	분식>김밥	서울특별시 강동구 천호대로157길 54	1271279804	375400914
코끼리떡볶이 현대백화점 천호점	분식>떡볶이	서울특별시 강동구 천호대로 1005 지하2층	1271243983	375389825
엄마손만두	분식>만두	서울특별시 강동구 올림픽로 683	1271245679	375424716
틈새라면 천호점	음식점>분식	서울특별시 강동구 천호대로157길 6	1271269638	375380574
강동백반	음식점>한식	서울특별시 강동구 명일로 375 지층14호	1271494682	375520157
카페라이스	한식>백반,가정식	서울특별시 강동구 구천면로 442	1271474092	375491881
이조식당	음식점>한식	서울특별시 강동구 고덕로 210 지층 5호	1271490061	375521163
이층맛집	음식점>한식	서울특별시 강동구 구천면로 456	1271487039	375491381
고덕밥집	음식점>한식	서울특별시 강동구 고덕로 266 114호	1271552654	375545436
양평해장국 고덕역점	한식>해장국	서울특별시 강동구 동남로73길 31 1층 양평해장국	1271543664	375528478
현대옥 고덕역점	한식>국밥	서울특별시 강동구 동남로73길 26 108호	1271549622	375534129
보승회관 고덕역점	음식점>한식>국밥	서울특별시 강동구 동남로71길 20-10	1271552469	375523265
신의주찹쌀순대 고덕역점	한식>순대,순댓국	서울특별시 강동구 동남로71길 20-9	1271548633	375524154
차이나플레인 고덕점	음식점>중식당	서울특별시 강동구 고덕로61길 112	1271516633	375596820
미각중화요리	중식>양꼬치	서울특별시 강동구 동남로73길 23	1271550022	375525651
춘리마라탕 명일점	중식>마라탕	서울특별시 강동구 고덕로 266 119호	1271551035	375545424
옛날짜장	중식>중식당	서울특별시 강동구 구천면로 436	1271467901	375498520
주양돈까스 본점	음식점>일식>돈가스	서울특별시 강동구 동남로73길 26 고덕복합빌딩	1271550371	375531795
멘츠루 고덕점	음식점>일식>일본식라면	서울특별시 강동구 고덕로 256 108호	1271541067	375546336
스시이안앤 고덕역점	음식점>일식>초밥,롤	서울특별시 강동구 동남로75길 13-15	1271555201	375536302
면식당 고덕역점	음식점>일식>일식당	서울특별시 강동구 동남로73길 26 1층 13호	1271547967	375533037
펄스맥 고덕점	음식점>브런치	서울특별시 강동구 동남로73길 31 101호	1271545502	375526448
오또	음식점>양식	서울특별시 강동구 상암로63길 46	1271542308	375485471
피짜이올라	음식점>피자	서울특별시 강동구 양재대로136길 46	1271462942	375482658
르칵투스 명일동점	음식점>양식	서울특별시 강동구 양재대로134길 49	1271463249	375478538
벌떼분식	분식>종합분식	서울특별시 강동구 아리수로76길 38	1271623164	375609853
두끼 고덕역점	음식점>분식	서울특별시 강동구 동남로75길 13-25	1271554091	375531001
김가네 고덕점	음식점>분식	서울특별시 강동구 동남로75길 13-7	1271555944	375538115
오토김밥 고덕점	음식점>분식	서울특별시 강동구 동남로81길 44	1271545195	375599909
리틀방콕 고덕점	음식점>태국음식	서울특별시 강동구 동남로79길 26 1층 리틀방콕	1271550927	375599366
미소쌀국수 고덕점	음식점>베트남음식	서울특별시 강동구 동남로 877 104호	1271559084	375519193
미분당 고덕역점	음식점>베트남음식	서울특별시 강동구 고덕로 266 115호	1271551146	375546937
미스터껌땀	음식점>베트남음식	서울특별시 강동구 동남로79길 26 103호	1271550845	375599492
메콩타이 고덕역점	음식점>아시아음식	서울특별시 강동구 동남로 891 203호	1271559945	375533090
미테이블 강동 천호직영점	음식점>양식	서울특별시 강동구 올림픽로70길 51 2층	1271265783	375392907
그릴로그릴	음식점>양식	서울특별시 강동구 천호대로 989 108호	1271226150	375395382
풀팬	음식점>이탈리아음식	서울특별시 강동구 올림픽로 660 104호	1271243434	375403058
로니로티 천호점	음식점>이탈리아음식	서울특별시 강동구 천호대로 1027 2층	1271263862	375381231
비엣남맨션 천호점	음식점>베트남음식	서울특별시 강동구 올림픽로70길 50-9	1271265004	375388209
강동쌀국수	음식점>베트남음식	서울특별시 강동구 천호옛14길 23	1271267571	375361805
라나나	음식점>태국음식	서울특별시 강동구 구천면로 229-1 1층	1271299251	375413572
미분당 천호점	음식점>베트남음식	서울특별시 강동구 올림픽로 664 엠101-2호	1271250404	375404682
스파이스마켓	음식점>태국음식	서울특별시 강동구 천호대로 1005 12F 스파이스마켓	1271240680	375388784
이비티 스타필드 코엑스점	음식점>이탈리아음식	서울특별시 강남구 영동대로 513 B1층 103호	1270591550	375113997
치폴라로쏘 삼성본점	음식점>이탈리아음식	서울특별시 강남구 영동대로114길 5	1270603942	375153163
더이탈리안클럽 현대백화점무역센터점	음식점>이탈리아음식	서울특별시 강남구 테헤란로 517 10층	1270596359	375084703
솔트랑 스테이크 삼성	음식점>양식	서울특별시 강남구 테헤란로 610 B1층	1270645580	375088358
삼성분식	분식>종합분식	서울특별시 강남구 테헤란로87길 41	1270576033	375104773
김밥킹 삼성역점	분식>김밥	서울특별시 강남구 테헤란로83길 14	1270578602	375084885
후토루 삼성점	음식점>분식	서울특별시 강남구 테헤란로 511	1270587722	375078407
사이드쇼 코엑스점	음식점>분식	서울특별시 강남구 테헤란로87길 22 Q124호	1270592509	375093045
얌샘김밥 대치삼성점	음식점>분식	서울특별시 강남구 테헤란로104길 12	1270650348	375082466
파파야리프 코엑스점	음식점>아시아음식	서울특별시 강남구 테헤란로87길 58 2A05호	1270578541	375113171
노이 봉은사 삼성본점	음식점>베트남음식	서울특별시 강남구 영동대로106길 33	1270638788	375141500
무삥과팟타이 삼성본점	음식점>태국음식	서울특별시 강남구 삼성로96길 26-12	1270581797	375083815
소이연남 스타필드 코엑스몰점	음식점>태국음식	서울특별시 강남구 테헤란로87길 36 B10호	1270584063	375103938
홍명	중식>중식당	서울특별시 강남구 논현로131길 10	1270295105	375145140
삼신 가로수길점	중식>중식당	서울특별시 강남구 강남대로156길 46	1270226277	375190089
공리	중식>중식당	서울특별시 서초구 신반포로47길 93	1270188280	375144609
누와	중식>중식당	서울특별시 강남구 강남대로 652 2층	1270190762	375196035
중화객잔수 압구정점	중식>중식당	서울특별시 강남구 논현로175길 64	1270237999	375242289
핫쵸 가로수길 본점	음식점>일식>일식당	서울특별시 강남구 도산대로15길 32-10	1270235878	375208541
치보 신사점	음식점>일식>일식당	서울특별시 강남구 강남대로154길 21	1270208506	375179732
무아	음식점>일식>일식당	서울특별시 강남구 논현로151길 33	1270255654	375197052
